Card Name	Player Name	Sport	Card Number	Features	IMAGE URL	League	Team 	Season	Condition	Brand	Card Set	Quanitity 
2024 Topps Finest MLS 101 Cristian Arango Aqua Refractor	Cristian Arango	Soccer	101	Aqua Refractor	https://sportscards.standard.us-east-1.oortstorages.com/new%20card%20scans%202/Untitled-4_0005_Layer%201.jpg  | https://sportscards.standard.us-east-1.oortstorages.com/new%20card%20scans%202/Untitled-5_0005_Layer%202.jpg 	MLS	San Jose Earthquakes	2023-2024	New	Topps	2024 Topps Finest MLS	
2024 Topps Finest MLS 137 Liel Abada Aqua Refractor	Liel Abada	Soccer	137	Aqua Refractor	https://sportscards.standard.us-east-1.oortstorages.com/new%20card%20scans%202/Untitled-4_0001_Layer%205.jpg  | https://sportscards.standard.us-east-1.oortstorages.com/new%20card%20scans%202/Untitled-5_0001_Layer%206.jpg 	MLS	Charlotte FC	2023-2024	New	Topps	2024 Topps Finest MLS	
2024 Topps Finest MLS 231 Pedro de La Vega Neon Green Refractor	Pedro de La Vega	Soccer	231	Neon Green Refractor	https://sportscards.standard.us-east-1.oortstorages.com/new%20card%20scans%202/Untitled-4_0000_Layer%206.jpg  | https://sportscards.standard.us-east-1.oortstorages.com/new%20card%20scans%202/Untitled-5_0000_Layer%207.jpg 	MLS	Seattle Sounders FC	2023-2025	New	Topps	2024 Topps Finest MLS	
2023-24 Topps Chrome Bundesliga 1963 Topps Autographs JJ Julian Justvan	Julian Justvan	Soccer	1963	Topps Autograph	https://sportscards.standard.us-east-1.oortstorages.com/new%20card%20scans%202/Untitled-4_0004_Layer%202.jpg  | https://sportscards.standard.us-east-1.oortstorages.com/new%20card%20scans%202/Untitled-5_0004_Layer%203.jpg 	Bundesliga	SV Darmstadt 98	2023-2024	New	Topps	Topps Chrome Bundesliga	
2024 Topps Finest MLS Finest Dominators DO1 Lionel Messi	Lionel Messi	Soccer	1	Dominators	https://sportscards.standard.us-east-1.oortstorages.com/new%20card%20scans%202/Untitled-4_0002_Layer%204.jpg | https://sportscards.standard.us-east-1.oortstorages.com/new%20card%20scans%202/Untitled-5_0002_Layer%205.jpg 	MLS	Inter Miami CF	2023-2024	New	Topps	2024 Topps Finest MLS	
2024-25 Topps UEFA Club Competitions Historic Captains HC4 Lionel Messi	Lionel Messi	Soccer	HC4	Historic Captains	https://sportscards.standard.us-east-1.oortstorages.com/new%20card%20scans%202/Untitled-6_0005_Layer%208.jpg  | https://sportscards.standard.us-east-1.oortstorages.com/new%20card%20scans%202/Untitled-7_0005_Layer%2014.jpg	MLS	Inter Miami CF	2024-2025	New	Topps	Topps UEFA	
2024-25 Topps Gold UEFA Club Competitions Future Stars Endrick	Endrick	Soccer		Future Stars	https://sportscards.standard.us-east-1.oortstorages.com/new%20card%20scans%202/Untitled-6_0004_Layer%209.jpg | https://sportscards.standard.us-east-1.oortstorages.com/new%20card%20scans%202/Untitled-7_0004_Layer%2015.jpg 	La Liga	Real Madrid	2024-2025	New	Topps	Topps UEFA	
2024-25 Topps UEFA Club Competitions 9 Erling Haaland	Erling Haaland	Soccer	9	Base	https://sportscards.standard.us-east-1.oortstorages.com/new%20card%20scans%202/Untitled-6_0003_Layer%2010.jpg  | https://sportscards.standard.us-east-1.oortstorages.com/new%20card%20scans%202/Untitled-7_0003_Layer%2016.jpg 	Premier League	Manchester City	2024-2025	New	Topps	Topps UEFA	
2024-25 Panini Donruss FIFA 92 Martin Odegaard Silver	Martin Odegaard	Soccer	92	Silver	https://sportscards.standard.us-east-1.oortstorages.com/new%20card%20scans%202/Untitled-6_0002_Layer%2011.jpg  | https://sportscards.standard.us-east-1.oortstorages.com/new%20card%20scans%202/Untitled-7_0002_Layer%2017.jpg 	Premier League	Arsenal	2024-2025	New	Panini	Panini Donruss	
2024-25 Panini Donruss FIFA Magicians 4 Martin Odegaard	Martin Odegaard	Soccer	4	Optic	https://sportscards.standard.us-east-1.oortstorages.com/new%20card%20scans%202/Untitled-6_0001_Layer%2012.jpg  | https://sportscards.standard.us-east-1.oortstorages.com/new%20card%20scans%202/Untitled-7_0001_Layer%2018.jpg 	Premier League	Arsenal	2024-2025	New	Panini	Panini Donruss	
2024-25 Panini Donruss FIFA 96 Erling Haaland Optic	Erling Haaland	Soccer	96	Optic	https://sportscards.standard.us-east-1.oortstorages.com/new%20card%20scans%202/Untitled-6_0000_Layer%2013.jpg  | https://sportscards.standard.us-east-1.oortstorages.com/new%20card%20scans%202/Untitled-7_0002_Layer%2017.jpg 	Premier League	Manchester City	2024-2025	New	Panini	Panini Donruss	
2024-25 Panini Donruss FIFA Rookie Kings 3 Alhassan Yusuf	Alhassan Yusuf	Soccer	3	Rookie Kings	https://sportscards.standard.us-east-1.oortstorages.com/new%20card%20scans%202/Untitled-23_0010_Layer%20172.jpg  | https://sportscards.standard.us-east-1.oortstorages.com/new%20card%20scans%202/Untitled-23_0004_Layer%20178.jpg 	Belgian Pro League	Royal Antwerp FC	2024-2025	New	Panini	Panini Donruss	
2024-25 Panini Donruss FIFA Rookie Kings 3 Alhassan Yusuf	Lucho Acosta	Soccer	BALU	Neon Green Refractor	https://sportscards.standard.us-east-1.oortstorages.com/new%20card%20scans%202/Untitled-2_0005_Layer%201.jpg  | https://sportscards.standard.us-east-1.oortstorages.com/new%20card%20scans%202/Untitled-1_0005_Layer%201.jpg 	MLS	FC Cincinati 	2023-2024	New	Topps	Topps Finest	
2024 Topps Finest MLS Autographs Balu Lucho Acosta Neon Green Refractor	Lucho Acosta	Soccer	PFALU	Orange Refractor	https://sportscards.standard.us-east-1.oortstorages.com/new%20card%20scans%202/Untitled-2_0004_Layer%202.jpg  | https://sportscards.standard.us-east-1.oortstorages.com/new%20card%20scans%202/Untitled-1_0004_Layer%202.jpg 	MLS	FC Cincinati 	2023-2024	New	Topps	Topps Finest	
2024 Topps Finest MLS Prized Footballers Autographs Pfalu Lucho Acosta Orange Refractor	Bradley Barcola	Soccer	86	Pink Red Electric Charge Refractor	https://sportscards.standard.us-east-1.oortstorages.com/new%20card%20scans%202/Untitled-11_0011_Layer%2094.jpg  | https://sportscards.standard.us-east-1.oortstorages.com/new%20card%20scans%202/Untitled-11_0005_Layer%20100.jpg 	Ligue 1	Paris Saint-Germain F.C.	2023-2024	New	Topps	 Topps Stadium Club Chrome	
2023-24 Topps Stadium Club Chrome UEFA Club Competitions 86 Bradley Barcola Pink Red Electric Charge Refractor												
2024 Topps Finest MLS 254 Alexey Miranchuk Orange Refractor	Alexey Miranchuk	Soccer	254	Orange Refractor	https://sportscards.standard.us-east-1.oortstorages.com/new%20card%20scans%202/Untitled-10_0006_Layer%2087.jpg | https://sportscards.standard.us-east-1.oortstorages.com/new%20card%20scans%202/Untitled-10_0000_Layer%2093.jpg 	MLS	Atlanta United FC	2023-2024	New	Topps	Topps Finest	
2024 Topps Finest MLS 263 Diego Fagundez Orange Refractor	Diego Fagundez	Soccer	263	Orange Refractor	https://sportscards.standard.us-east-1.oortstorages.com/new%20card%20scans%202/Untitled-10_0012_Layer%2081.jpg | https://sportscards.standard.us-east-1.oortstorages.com/new%20card%20scans%202/Untitled-9_0005_Layer%2087.jpg 	MLS	LA Galaxy	2023-2024	New	Topps	Topps Finest	
2024 Topps Finest MLS Prized Footballers Fusion PFF10 Marco Reus Yellow/Red	Marco Reus 	Soccer	PFF10	Yellow/Red (Prized Footballers)	https://sportscards.standard.us-east-1.oortstorages.com/new%20card%20scans%202/Untitled-8_0006_Layer%2074.jpg  | https://sportscards.standard.us-east-1.oortstorages.com/new%20card%20scans%202/Untitled-8_0001_Layer%2079.jpg 	MLS	LA Galaxy	2023-24	New	Topps	2024 Topps Finest MLS	
2024 Topps Finest MLS Autographs Bapd Pedro de La Vega	 Pedro de La Vega	Soccer	BAPD	Topps Autograph	https://sportscards.standard.us-east-1.oortstorages.com/new%20card%20scans%202/Untitled-2_0000_Layer%206.jpg  | https://sportscards.standard.us-east-1.oortstorages.com/new%20card%20scans%202/Untitled-1_0002_Layer%204.jpg 	MLS	Seattle Sounders FC	2023-24	New	Topps	2024 Topps Finest MLS	
2024 Topps Finest MLS Autographs Basj Stiven Jimenez Gold Refractor	Stiven Jimenez	Soccer	BASJ	Topps Autograph	https://sportscards.standard.us-east-1.oortstorages.com/new%20card%20scans%202/Untitled-2_0002_Layer%204.jpg  | https://sportscards.standard.us-east-1.oortstorages.com/new%20card%20scans%202/Untitled-1_0000_Layer%206.jpg 	MLS	FC Cincinati 	2023-24	New	Topps	2024 Topps Finest MLS	
2024 Topps Finest MLS Autographs Bath Thomas Williams	Thomas Williams	Soccer	BATH	Topps Autograph	https://sportscards.standard.us-east-1.oortstorages.com/new%20card%20scans%202/Untitled-2_0001_Layer%205.jpg  | https://sportscards.standard.us-east-1.oortstorages.com/new%20card%20scans%202/Untitled-1_0001_Layer%205.jpg 	MLS	Orlando City SC	2023-24	New	Topps	2024 Topps Finest MLS	
2024 Topps Finest MLS 132 Andre Blake Red Refractor	Andre Blake	Soccer	132	Red Refractor	https://sportscards.standard.us-east-1.oortstorages.com/new%20card%20scans%202/andre_blake_0001_Layer%201.jpg  | https://sportscards.standard.us-east-1.oortstorages.com/new%20card%20scans%202/andre_blake_0000_Layer%202.jpg 	MLS	Philidelphia Union	2023-24	New	Topps	2024 Topps Finest MLS	
2024 Topps Finest MLS Finest Fabrics Relics Ffrp Riqui Puig Gold Refractor	Riqui Puig	Soccer	FFRP	Gold Refractor	https://sportscards.standard.us-east-1.oortstorages.com/new%20card%20scans%202/Puig_Jersey_0000_Layer%201.jpg  | https://sportscards.standard.us-east-1.oortstorages.com/new%20card%20scans%202/Puig_Jersey_0001_Layer%202.jpg 	MLS	LA Galaxy	2023-24	New	Topps	2024 Topps Finest MLS	
2024 Topps Finest MLS Autographs Babc Benja Cremaschi	Benja Cremaschi	Soccer	BABC	Topps Autograph	https://sportscards.standard.us-east-1.oortstorages.com/new%20card%20scans%202/Untitled-3_0002_Layer%206.jpg  | https://sportscards.standard.us-east-1.oortstorages.com/new%20card%20scans%202/Benja_auto_back_0000_Layer%201.jpg 	MLS	Inter Miami CF	2023-24	New	Topps	2024 Topps Finest MLS	
2024 Topps Finest MLS MLS Pop Art PA14 Zlatan Ibrahimovic												
2024 Topps Finest MLS Short Prints MLS9 Zlatan Ibrahimovic	Zlatan Ibrahimovic	Soccer	PA14	Pop Art	https://sportscards.standard.us-east-1.oortstorages.com/new%20card%20scans%202/Untitled-8_0009_Layer%2071.jpg  | https://sportscards.standard.us-east-1.oortstorages.com/new%20card%20scans%202/Untitled-8_0004_Layer%2076.jpg 	MLS	LA Galaxy	2023-24	New	Topps	2024 Topps Finest MLS	
2024 Topps Chrome MLS 33 Nouhou Red Refractor	Zlatan Ibrahimovic	Soccer	MLS9	Short Print	https://sportscards.standard.us-east-1.oortstorages.com/new%20card%20scans%202/Untitled-16_0007_Layer%20136.jpg | https://sportscards.standard.us-east-1.oortstorages.com/new%20card%20scans%202/Untitled-16_0001_Layer%20142.jpg 	MLS	LA Galaxy	2023-24	New	Topps	2024 Topps Finest MLS	
2024-25 Topps UEFA Club Competitions Ultimate Stage Chrome USC16 Lionel Messi												
2024 Topps Finest MLS Autographs Badf Diego Fagundez Gold Refractor	Nouhou 	Soccer	33	Red Refractor	https://sportscards.standard.us-east-1.oortstorages.com/new%20card%20scans%202/nouhou_0000_Layer%202.jpg  | https://sportscards.standard.us-east-1.oortstorages.com/new%20card%20scans%202/nouhou_0001_Layer%201.jpg 	MLS	Seattle Sounders FC	2023-24	New	Topps	2024 Topps Finest MLS	
2024 Topps Finest MLS Autographs Badf Diego Fagundez	Lionel Messi	Soccer	USC16	Ultimate Stage Chrome	https://sportscards.standard.us-east-1.oortstorages.com/new%20card%20scans%202/Untitled-11_0009_Layer%2096.jpg  | https://sportscards.standard.us-east-1.oortstorages.com/new%20card%20scans%202/Untitled-11_0003_Layer%20102.jpg 	MLS	Inter Miami CF	2023-24	New	Topps	2024 Topps Finest MLS	
2024 Topps Finest MLS 231 Pedro de La Vega Aqua Refractor	Diego Fagundez	Soccer	BADF	Topps Autograph Gold Refractor	https://sportscards.standard.us-east-1.oortstorages.com/new%20card%20scans%202/Untitled-3_0004_Layer%204.jpg  | https://sportscards.standard.us-east-1.oortstorages.com/new%20card%20scans%202/Untitled-16_0005_Layer%20138.jpg 	MLS	LA Galaxy	2023-24	New	Topps	2024 Topps Finest MLS	
2024 Topps Finest MLS Team Logo TL12 La Galaxy	Diego Fagundez	Soccer	BADF	Topps Autograph	https://sportscards.standard.us-east-1.oortstorages.com/new%20card%20scans%202/Untitled-3_0005_Layer%203.jpg  | https://sportscards.standard.us-east-1.oortstorages.com/new%20card%20scans%202/Untitled-9_0005_Layer%2087.jpg 	MLS	LA Galaxy	2023-24	New	Topps	2024 Topps Finest MLS	
2023-24 Topps Stadium Club Chrome UEFA Club Competitions 69 Mauro Icardi	Pedro de La Vega	Soccer	231	Aqua Refractor	https://sportscards.standard.us-east-1.oortstorages.com/new%20card%20scans%202/card%20matcher/Untitled-1_0045_Layer%203.jpg  | https://sportscards.standard.us-east-1.oortstorages.com/new%20card%20scans%202/card%20matcher/Untitled-1_0039_Layer%209.jpg 	MLS	Seattle Sounders FC	2023-24	New	Topps	2024 Topps Finest MLS	
2023-24 Topps Stadium Club Chrome UEFA Club Competitions 23 Randal Kolo Muani	La Galaxy	Soccer	12	Team Logo	https://sportscards.standard.us-east-1.oortstorages.com/new%20card%20scans%202/Untitled-9_0008_Layer%2084.jpg  | https://sportscards.standard.us-east-1.oortstorages.com/new%20card%20scans%202/Untitled-9_0002_Layer%2090.jpg 	MLS	LA Galaxy	2023-24	New	Topps	2024 Topps Finest MLS	
2024 Topps Finest MLS 29 Daniel Gazdag Orange Refractor	Mauro Icardi	Soccer	69	Base	https://sportscards.standard.us-east-1.oortstorages.com/new%20card%20scans%202/Untitled-11_0006_Layer%2099.jpg | https://sportscards.standard.us-east-1.oortstorages.com/new%20card%20scans%202/Untitled-11_0000_Layer%20105.jpg	Ligue 1	Paris Saint-Germain F.C.	2023-24	New	Topps	2023-24 Topps Stadium Club Chrome	
2024 Topps Finest MLS 210 Rafael Navarro Oil Spill Refractor	Randal Kolo Muani	Soccer	23	Base	https://sportscards.standard.us-east-1.oortstorages.com/new%20card%20scans%202/Untitled-11_0008_Layer%2097.jpg  | https://sportscards.standard.us-east-1.oortstorages.com/new%20card%20scans%202/Untitled-11_0002_Layer%20103.jpg 	Ligue 1	Paris Saint-Germain F.C.	2023-24	New	Topps	2023-24 Topps Stadium Club Chrome	
2024 Topps Finest MLS 47 Diogo Goncalves Gold Refractor	Daniel Gazdag	Soccer	29	Orange Refractor	https://sportscards.standard.us-east-1.oortstorages.com/new%20card%20scans%202/card%20matcher/Untitled-1_0046_Layer%202.jpg  | https://sportscards.standard.us-east-1.oortstorages.com/new%20card%20scans%202/card%20matcher/Untitled-1_0040_Layer%208.jpg 	MLS	Philadelphia Union	2023-24	New	Topps	2024 Topps Finest MLS	
2024 Topps Finest MLS 47 Diogo Goncalves Neon Green Refractor	Rafael Navarro	Soccer	210	Oil Spill Refractor	https://sportscards.standard.us-east-1.oortstorages.com/new%20card%20scans%202/card%20matcher/Untitled-1_0047_Layer%201.jpg | https://sportscards.standard.us-east-1.oortstorages.com/new%20card%20scans%202/card%20matcher/Untitled-1_0041_Layer%207.jpg	MLS	Colorado Rapids	2023-24	New	Topps	2024 Topps Finest MLS	
2024 Topps Finest MLS 145 Cody Baker Gold Refractor	Diogo Goncalves	Soccer	47	Gold Refractor	https://sportscards.standard.us-east-1.oortstorages.com/new%20card%20scans%202/card%20matcher/Untitled-1_0042_Layer%206.jpg | https://sportscards.standard.us-east-1.oortstorages.com/new%20card%20scans%202/card%20matcher/Untitled-1_0037_Layer%2011.jpg 	MLS	Real Salt Lake 	2023-24	New	Topps	2024 Topps Finest MLS	
2024 Topps Finest MLS 266 Alonso Martinez Aqua Refractor	Diogo Goncalves	Soccer	47	Neon Green Refractor	https://sportscards.standard.us-east-1.oortstorages.com/new%20card%20scans%202/card%20matcher/Untitled-1_0043_Layer%205.jpg  | https://sportscards.standard.us-east-1.oortstorages.com/new%20card%20scans%202/card%20matcher/Untitled-1_0036_Layer%2012.jpg 	MLS	Real Salt Lake 	2023-24	New	Topps	2024 Topps Finest MLS	
2024 Topps Finest MLS 126 Agustin Ojeda Gold Refractor	Cody Baker	Soccer	145	Gold Refractor	https://sportscards.standard.us-east-1.oortstorages.com/new%20card%20scans%202/card%20matcher/Untitled-1_0044_Layer%204.jpg | https://sportscards.standard.us-east-1.oortstorages.com/new%20card%20scans%202/card%20matcher/Untitled-1_0038_Layer%2010.jpg 	MLS	Seattle Sounders FC	2023-24	New	Topps	2024 Topps Finest MLS	
2024 Topps Finest MLS 111 Alonso Martinez Gold Refractor	Alonso Martinez	Soccer	266	Aqua Refractor	https://sportscards.standard.us-east-1.oortstorages.com/new%20card%20scans%202/Untitled-10_0009_Layer%2084.jpg  | https://sportscards.standard.us-east-1.oortstorages.com/new%20card%20scans%202/Untitled-10_0003_Layer%2090.jpg 	MLS	New York City FC	2023-24	New	Topps	2024 Topps Finest MLS	
2024 Topps Finest MLS 43 Alexey Miranchuk Gold Refractor	Agustin Ojeda	Soccer	126	Gold Refractor	https://sportscards.standard.us-east-1.oortstorages.com/new%20card%20scans%202/Untitled-10_0010_Layer%2083.jpg  | https://sportscards.standard.us-east-1.oortstorages.com/new%20card%20scans%202/Untitled-10_0004_Layer%2089.jpg 	MLS	New York City FC	2023-24	New	Topps	2024 Topps Finest MLS	
2024 Topps Finest MLS 123 Eduard Lowen Aqua Refractor	Alonso Martinez	Soccer	111	Gold Refractor	https://sportscards.standard.us-east-1.oortstorages.com/new%20card%20scans%202/card%20matcher/Untitled-1_0021_Layer%2027.jpg | https://sportscards.standard.us-east-1.oortstorages.com/new%20card%20scans%202/card%20matcher/Untitled-1_0017_Layer%2031.jpg 	MLS	New York City FC	2023-24	New	Topps	2024 Topps Finest MLS	
2024 Topps Finest MLS 100 Riqui Puig Orange Refractor	Alexey Miranchuk	Soccer	43	Gold Refractor	https://sportscards.standard.us-east-1.oortstorages.com/new%20card%20scans%202/Untitled-10_0007_Layer%2086.jpg  | https://sportscards.standard.us-east-1.oortstorages.com/new%20card%20scans%202/Untitled-10_0001_Layer%2092.jpg 	MLS	Atlanta United FC	2023-24	New	Topps	2024 Topps Finest MLS	
2024 Topps Finest MLS 202 Riqui Puig Neon Green Refractor	Eduard Lowen	Soccer	123	Aqua Refractor	https://sportscards.standard.us-east-1.oortstorages.com/new%20card%20scans%202/Untitled-10_0008_Layer%2085.jpg  | https://sportscards.standard.us-east-1.oortstorages.com/new%20card%20scans%202/Untitled-10_0002_Layer%2091.jpg 	MLS	St. Louis City SC	2023-24	New	Topps	2024 Topps Finest MLS	
2024 Topps Finest MLS 181 Diego Fagundez Gold Refractor	Riqui Puig	Soccer	100	Orange Refractor	https://sportscards.standard.us-east-1.oortstorages.com/new%20card%20scans%202/Untitled-9_0007_Layer%2085.jpg  | https://sportscards.standard.us-east-1.oortstorages.com/new%20card%20scans%202/Untitled-9_0001_Layer%2091.jpg 	MLS	LA Galaxy	2023-24	New	Topps	2024 Topps Finest MLS	
2024 Topps Finest MLS Finest Debuts FD5 Zlatan Ibrahimovic Red Refractor			/5									
2024 Topps Finest MLS Finest Dominators Autographs Domla Lucho Acosta Orange Refractor			/25									
2024 Topps Finest MLS Prized Footballers Autographs Pfarp Riqui Puig Black Refractor			/10									
2024 Topps Finest MLS Autographs Bamr Marco Reus Black Refractor			/10									
2024 Topps Finest MLS Autographs Baca Cristian Arango Orange Refractor			/25									
2024 Topps Finest MLS Finest Dominators DO2 Luis Suarez Gold Refractor			/50									
2024 Topps Finest MLS Prized Footballers Fusion PFF2 Riqui Puig Blue/Red												
2024 Topps Chrome MLS Chrome Autographs Capv Pedro de La Vega Pink X-Fractor			/75									
2024 Topps Finest MLS Finest Debuts FD7 Kerwin Vargas	Riqui Puig	Soccer	202	Neon Green Refractor	https://sportscards.standard.us-east-1.oortstorages.com/new%20card%20scans%202/Untitled-9_0006_Layer%2086.jpg  | https://sportscards.standard.us-east-1.oortstorages.com/new%20card%20scans%202/Untitled-16_0003_Layer%20140.jpg 	MLS	LA Galaxy	2024-25	New	Topps	2024 Topps Finest MLS	
2024 Topps Finest MLS Finest Debuts FD5 Zlatan Ibrahimovic	Diego Fagundez	Soccer	181	Gold Refractor	https://sportscards.standard.us-east-1.oortstorages.com/new%20card%20scans%202/Untitled-9_0009_Layer%2083.jpg  | https://sportscards.standard.us-east-1.oortstorages.com/new%20card%20scans%202/Untitled-9_0003_Layer%2089.jpg	MLS	LA Galaxy	2024-25	New	Topps	2024 Topps Finest MLS	
2024 Topps Finest MLS Finest Debuts FD1 Lionel Messi	Zlatan Ibrahimovic	Soccer	5	Red Refractor	https://sportscards.standard.us-east-1.oortstorages.com/new%20card%20scans%202/Untitled-8_0007_Layer%2073.jpg	MLS	LA Galaxy	2024-25	New	Topps	2024 Topps Finest MLS	
2024 Topps Finest MLS Finest Debuts FD3 Luis Suarez	Lucho Acosta	Soccer	DOMLA	Orange Refractor	https://sportscards.standard.us-east-1.oortstorages.com/new%20card%20scans%202/Untitled-2_0003_Layer%203.jpg	MLS	D.C. United	2024-25	New	Topps	2024 Topps Finest MLS	
2024 Topps Finest MLS Finest Debuts FD11 Gabriel Pec	Riqui Puig	Soccer	PFARP	Black Refractor	https://sportscards.standard.us-east-1.oortstorages.com/new%20card%20scans%202/Untitled-3_0000_Layer%208.jpg	MLS	LA Galaxy	2024-25	New	Topps	2024 Topps Finest MLS	
2024 Topps Finest MLS Finest Debuts FD10 Joseph Paintsil	Marco Reus	Soccer	BAMR	Black Refractor	https://sportscards.standard.us-east-1.oortstorages.com/new%20card%20scans%202/Untitled-3_0001_Layer%207.jpg	MLS	LA Galaxy	2024-25	New	Topps	2024 Topps Finest MLS	
2024 Topps Finest MLS Finest Debuts FD2 Pedro de La Vega	Cristian Arango	Soccer	BACA	Orange Refractor	https://sportscards.standard.us-east-1.oortstorages.com/new%20card%20scans%202/Untitled-3_0003_Layer%205.jpg	MLS	San Jose Earthquakes	2024-25	New	Topps	2024 Topps Finest MLS	
2024 Topps Finest MLS Finest Debuts FD9 Omar Campos	Luis Suarez	Soccer	DO2	Gold Refractor	https://sportscards.standard.us-east-1.oortstorages.com/new%20card%20scans%202/Untitled-11_0010_Layer%2095.jpg	MLS	Inter Miami CF	2024-25	New	Topps	2024 Topps Finest MLS	
2024 Topps Finest MLS Finest Debuts FD14 Santiago Rodriguez	Riqui Puig	Soccer	PFF2	Blue/Red Fusion	https://sportscards.standard.us-east-1.oortstorages.com/new%20card%20scans%202/Untitled-8_0005_Layer%2075.jpg	MLS	LA Galaxy	2024-25	New	Topps	2024 Topps Finest MLS	
2024 Topps Finest MLS Prized Footballers PF24 Sebastian Driussi	Pedro de La Vega	Soccer	CAPV	Pink X-Fractor	https://sportscards.standard.us-east-1.oortstorages.com/new%20card%20scans%202/Untitled-27_0000_Layer%201.jpg	MLS	Seattle Sounders FC	2024-25	New	Topps	2024 Topps Chrome MLS	
2024 Topps Finest MLS Prized Footballers PF13 Cristian Arango	Kerwin Vargas	Soccer	FD7	-	https://sportscards.standard.us-east-1.oortstorages.com/new%20card%20scans%202/Untitled-12_0009_Layer%2097.jpg  | https://sportscards.standard.us-east-1.oortstorages.com/new%20card%20scans%202/Untitled-12_0003_Layer%20103.jpg	MLS	Charlotte FC	2024	New	Topps	2024 Topps Finest MLS	
2024 Topps Finest MLS Prized Footballers PF17 Diego Luna	Zlatan Ibrahimovic	Soccer	FD5	-	https://sportscards.standard.us-east-1.oortstorages.com/new%20card%20scans%202/Untitled-20_0007_Layer%20173.jpg  | https://sportscards.standard.us-east-1.oortstorages.com/new%20card%20scans%202/Untitled-20_0001_Layer%20179.jpg 	MLS	LA Galaxy	2024	New	Topps	2024 Topps Finest MLS	
2024 Topps Finest MLS Prized Footballers PF7 Hugo Cuypers	Lionel Messi	Soccer	FD1	-	https://sportscards.standard.us-east-1.oortstorages.com/new%20card%20scans%202/Untitled-20_0009_Layer%20171.jpg  | https://sportscards.standard.us-east-1.oortstorages.com/new%20card%20scans%202/Untitled-20_0003_Layer%20177.jpg 	MLS	Inter Miami CF	2024	New	Topps	2024 Topps Finest MLS	
2024-25 Panini Donruss FIFA Crunch Time 19 Emiliano Martinez	Luis Suarez	Soccer	FD3	-	https://sportscards.standard.us-east-1.oortstorages.com/new%20card%20scans%202/Untitled-20_0010_Layer%20170.jpg  | https://sportscards.standard.us-east-1.oortstorages.com/new%20card%20scans%202/Untitled-20_0004_Layer%20176.jpg 	MLS	Inter Miami CF	2024	New	Topps	2024 Topps Finest MLS	
2024-25 Panini Donruss FIFA Pitch Kings 22 Julian Alvarez	Gabriel Pec	Soccer	FD11	-	https://sportscards.standard.us-east-1.oortstorages.com/new%20card%20scans%202/Untitled-20_0006_Layer%20174.jpg  | https://sportscards.standard.us-east-1.oortstorages.com/new%20card%20scans%202/Untitled-20_0000_Layer%20180.jpg 	MLS	LA Galaxy	2024	New	Topps	2024 Topps Finest MLS	
2024-25 Panini Donruss FIFA Crunch Time 22 Alejandro Garnacho	Joseph Paintsil	Soccer	FD10	-	https://sportscards.standard.us-east-1.oortstorages.com/new%20card%20scans%202/Untitled-20_0008_Layer%20172.jpg  | https://sportscards.standard.us-east-1.oortstorages.com/new%20card%20scans%202/Untitled-20_0002_Layer%20178.jpg 	MLS	Joseph Paintsil	2024	New	Topps	2024 Topps Finest MLS	
2024-25 Panini Donruss FIFA Net Marvels 22 Lautaro Martinez	Pedro de La Vega	Soccer	FD2	-	https://sportscards.standard.us-east-1.oortstorages.com/new%20card%20scans%202/Untitled-21_0007_Layer%20174.jpg  | https://sportscards.standard.us-east-1.oortstorages.com/new%20card%20scans%202/Untitled-21_0001_Layer%20180.jpg 	MLS	Seattle Sounders FC	2024	New	Topps	2024 Topps Finest MLS	
2024-25 Panini Donruss FIFA 185 Valentin Barco Optic-Argyle	Omar Campos	Soccer	FD9	-	https://sportscards.standard.us-east-1.oortstorages.com/new%20card%20scans%202/Untitled-20_0011_Layer%20169.jpg  | https://sportscards.standard.us-east-1.oortstorages.com/new%20card%20scans%202/Untitled-20_0005_Layer%20175.jpg 	MLS	Los Angeles FC	2024	New	Topps	2024 Topps Finest MLS	
2024-25 Panini Donruss FIFA 83 Nicolas Otamendi Optic-Argyle	Santiago Rodriguez	Soccer	FD14	-	https://sportscards.standard.us-east-1.oortstorages.com/new%20card%20scans%202/Untitled-21_0006_Layer%20175.jpg  | https://sportscards.standard.us-east-1.oortstorages.com/new%20card%20scans%202/Untitled-21_0000_Layer%20181.jpg 	MLS	New York City FC	2024	New	Topps	2024 Topps Finest MLS	
2024-25 Panini Donruss FIFA Zero Gravity 21 Enzo Fernandez	Sebastian Driussi	Soccer	PF24	-	https://sportscards.standard.us-east-1.oortstorages.com/new%20card%20scans%202/Untitled-12_0010_Layer%2096.jpg  | https://sportscards.standard.us-east-1.oortstorages.com/new%20card%20scans%202/Untitled-12_0004_Layer%20102.jpg 	MLS	Austin FC	2024	New	Topps	2024 Topps Finest MLS	
2024-25 Panini Donruss FIFA 66 Phil Foden	Cristian Arango	Soccer	13	-	https://sportscards.standard.us-east-1.oortstorages.com/new%20card%20scans%202/Untitled-12_0011_Layer%2095.jpg  | https://sportscards.standard.us-east-1.oortstorages.com/new%20card%20scans%202/Untitled-12_0005_Layer%20101.jpg 	MLS	San Jose Earthquakes	2024	New	Topps	2024 Topps Finest MLS	
2023-24 Topps Stadium Club Chrome UEFA Club Competitions Fully Charged Fckil Kang-in Lee	Diego Luna	Soccer	17	-	https://sportscards.standard.us-east-1.oortstorages.com/new%20card%20scans%202/Untitled-18_0007_Layer%20149.jpg  | https://sportscards.standard.us-east-1.oortstorages.com/new%20card%20scans%202/Untitled-18_0001_Layer%20155.jpg 	MLS	Real Salt Lake 	2024	New	Topps	2024 Topps Finest MLS	
2023-24 Topps Stadium Club Chrome UEFA Club Competitions 51 Kang-in Lee Green Refractor	Hugo Cuypers	Soccer	7	Base	https://sportscards.standard.us-east-1.oortstorages.com/new%20card%20scans%202/Untitled-18_0008_Layer%20148.jpg  | https://sportscards.standard.us-east-1.oortstorages.com/new%20card%20scans%202/Untitled-18_0002_Layer%20154.jpg 	MLS	Chicago Fire FC	2024	New	Topps	2024 Topps Finest MLS	
2024 Topps Finest MLS Team Logo TL3 CF Montreal	Emiliano Martinez	Soccer	19	Crunch Time	https://sportscards.standard.us-east-1.oortstorages.com/new%20card%20scans%202/Untitled-19_0008_Layer%20160.jpg  | https://sportscards.standard.us-east-1.oortstorages.com/new%20card%20scans%202/Untitled-19_0002_Layer%20166.jpg 	FIFA	Argentina	2024	New	Panini	2024-25 Panini Donruss FIFA	
2023-24 Topps Stadium Club Chrome UEFA Club Competitions Say Cheese! Scwze Warren Zaire-Emery	Julian Alvarez	Soccer	22	Pitch Kings	https://sportscards.standard.us-east-1.oortstorages.com/new%20card%20scans%202/Untitled-19_0009_Layer%20159.jpg  | https://sportscards.standard.us-east-1.oortstorages.com/new%20card%20scans%202/Untitled-19_0003_Layer%20165.jpg 	FIFA	Argentina	2024	New	Panini	2024-25 Panini Donruss FIFA	
2023-24 Topps Stadium Club Chrome UEFA Club Competitions Say Cheese! Scah Achraf Hakimi	Alejandro Garnacho	Soccer	22	Crunch Time	https://sportscards.standard.us-east-1.oortstorages.com/new%20card%20scans%202/Untitled-19_0011_Layer%20157.jpg  | https://sportscards.standard.us-east-1.oortstorages.com/new%20card%20scans%202/Untitled-19_0005_Layer%20163.jpg  	FIFA	Argentina	2024	New	Panini	2024-25 Panini Donruss FIFA	
2023-24 Topps Stadium Club Chrome UEFA Club Competitions Say Cheese! Scwz Wilfried Zaha	Lautaro Martinez	Soccer	22	Net Marvels	https://sportscards.standard.us-east-1.oortstorages.com/new%20card%20scans%202/Untitled-19_0010_Layer%20158.jpg | https://sportscards.standard.us-east-1.oortstorages.com/new%20card%20scans%202/Untitled-19_0004_Layer%20164.jpg 	FIFA	Argentina	2024	New	Panini	2024-25 Panini Donruss FIFA	
2024-25 Panini Donruss FIFA 19 Lorenzo Pellegrini Silver	Valentin Barco	Soccer	185	Optic-Argyle	https://sportscards.standard.us-east-1.oortstorages.com/new%20card%20scans%202/Untitled-19_0007_Layer%20161.jpg |https://sportscards.standard.us-east-1.oortstorages.com/new%20card%20scans%202/Untitled-19_0001_Layer%20167.jpg 	Premier League	Argentina	2024-25	New	Panini	2024-25 Panini Donruss FIFA	
2024-25 Panini Donruss FIFA 29 Alessandro Bastoni Optic-Plum Blossom	Nicolas Otamendi	Soccer	83	Optic-Argyle	https://sportscards.standard.us-east-1.oortstorages.com/new%20card%20scans%202/Untitled-22_0007_Layer%20175.jpg |https://sportscards.standard.us-east-1.oortstorages.com/new%20card%20scans%202/Untitled-22_0001_Layer%20181.jpg 	Primeira Liga	Argentina	2024-25	New	Panini	2024-25 Panini Donruss FIFA	
2024-25 Panini Donruss FIFA Pitch Kings 7 Alessandro Bastoni	Enzo Fernandez	Soccer	21	Zero Gravity	https://sportscards.standard.us-east-1.oortstorages.com/new%20card%20scans%202/Untitled-19_0006_Layer%20162.jpg |https://sportscards.standard.us-east-1.oortstorages.com/new%20card%20scans%202/Untitled-19_0000_Layer%20168.jpg 	Premier League	Argentina	2024-25	New	Panini	2024-25 Panini Donruss FIFA	
2024-25 Panini Donruss FIFA Net Marvels 18 Federico Chiesa	Phil Foden	Soccer	66	-	https://sportscards.standard.us-east-1.oortstorages.com/new%20card%20scans%202/Untitled-21_0009_Layer%20172.jpg |https://sportscards.standard.us-east-1.oortstorages.com/new%20card%20scans%202/Untitled-21_0003_Layer%20178.jpg 	Premier League	Manchester City	2024	New	Panini	2024-25 Panini Donruss FIFA	
2024-25 Panini Donruss FIFA 17 Mateo Retegui	 Kang-in Lee	Soccer	FCKIL	Fully Charged	https://sportscards.standard.us-east-1.oortstorages.com/new%20card%20scans%202/Untitled-13_0009_Layer%20109.jpg |https://sportscards.standard.us-east-1.oortstorages.com/new%20card%20scans%202/Untitled-13_0003_Layer%20115.jpg 	Ligue 1	Paris Saint-Germain F.C.	2024	New	Topps	2023-24 Topps Stadium Club Chrome UEFA	
2024-25 Panini Donruss FIFA 24 Riccardo Calafiori Optic-Argyle	 Kang-in Lee	Soccer	51	Green Refractor	https://sportscards.standard.us-east-1.oortstorages.com/new%20card%20scans%202/Untitled-13_0010_Layer%20108.jpg |https://sportscards.standard.us-east-1.oortstorages.com/new%20card%20scans%202/Untitled-13_0004_Layer%20114.jpg 	Ligue 1	Paris Saint-Germain F.C.	2024	New	Topps	2023-24 Topps Stadium Club Chrome UEFA	
2024-25 Panini Donruss FIFA 27 Federico Dimarco	Montreal	Soccer	TL3	Team Logo	https://sportscards.standard.us-east-1.oortstorages.com/new%20card%20scans%202/Untitled-21_0008_Layer%20173.jpg |https://sportscards.standard.us-east-1.oortstorages.com/new%20card%20scans%202/Untitled-21_0002_Layer%20179.jpg 	MLS	CF Montreal	2024	New	Topps	2024 Topps Finest MLS	
2024-25 Panini Donruss FIFA Rookie Kings 7 Benjamin Tanimu	 Warren Zaire-Emery	Soccer	SCWZE	Say Cheese!	https://sportscards.standard.us-east-1.oortstorages.com/new%20card%20scans%202/Untitled-13_0006_Layer%20112.jpg |https://sportscards.standard.us-east-1.oortstorages.com/new%20card%20scans%202/Untitled-13_0000_Layer%20118.jpg 	Ligue 1	Paris Saint-Germain F.C.	2024	New	Topps	2023-24 Topps Stadium Club Chrome UEFA	
2024-25 Panini Donruss FIFA 164 Victor Boniface	 Achraf Hakimi	Soccer	SCAH	Say Cheese!	https://sportscards.standard.us-east-1.oortstorages.com/new%20card%20scans%202/Untitled-13_0008_Layer%20110.jpg | https://sportscards.standard.us-east-1.oortstorages.com/new%20card%20scans%202/Untitled-13_0002_Layer%20116.jpg 	Ligue 1	Paris Saint-Germain F.C.	2024	New	Topps	2023-24 Topps Stadium Club Chrome UEFA	
2024-25 Panini Donruss FIFA 93 Kristoffer Ajer Optic-Argyle	Wilfried Zaha	Soccer	SCWZ 	Say Cheese!	https://sportscards.standard.us-east-1.oortstorages.com/new%20card%20scans%202/Untitled-13_0011_Layer%20107.jpg  |https://sportscards.standard.us-east-1.oortstorages.com/new%20card%20scans%202/Untitled-13_0005_Layer%20113.jpg 	UEFA	Galatasaray A.S.	2023-24	New	Topps	Topps Stadium Club Chrome UEFA	
2024 Topps Finest MLS 65 Tyler Wolff Refractor	Lorenzo Pellegrini	Soccer	19	Silver	https://sportscards.standard.us-east-1.oortstorages.com/new%20card%20scans%202/Untitled-21_0010_Layer%20171.jpg  |https://sportscards.standard.us-east-1.oortstorages.com/new%20card%20scans%202/Untitled-21_0004_Layer%20177.jpg	FIFA	Italy	2024-25	New	Panini	Panini Donruss FIFA	
2024 Topps Finest MLS 149 Bongokuhle Hlongwane Checkerboard	Alessandro Bastoni	Soccer	29	Optic-Plum Blossom	https://sportscards.standard.us-east-1.oortstorages.com/new%20card%20scans%202/Untitled-23_0012_Layer%20170.jpg | https://sportscards.standard.us-east-1.oortstorages.com/new%20card%20scans%202/Untitled-21_0005_Layer%20176.jpg 	FIFA	Italy	2024-25	New	Panini	Panini Donruss FIFA	
2024 Topps Finest MLS 45 Cody Baker Checkerboard	Alessandro Bastoni	Soccer	7	Pitch Kings	https://sportscards.standard.us-east-1.oortstorages.com/new%20card%20scans%202/Untitled-22_0009_Layer%20173.jpg  |https://sportscards.standard.us-east-1.oortstorages.com/new%20card%20scans%202/Untitled-22_0003_Layer%20179.jpg 	FIFA	Italy	2024-25	New	Panini	Panini Donruss FIFA	
2024 Topps Finest MLS 145 Cody Baker Refractor	 Federico Chiesa	Soccer	18		https://sportscards.standard.us-east-1.oortstorages.com/new%20card%20scans%202/Untitled-22_0010_Layer%20172.jpg  |https://sportscards.standard.us-east-1.oortstorages.com/new%20card%20scans%202/Untitled-22_0004_Layer%20178.jpg 	FIFA	Italy	2024-25	New	Panini	Panini Donruss FIFA	
2024 Topps Finest MLS 94 Lewis Morgan Checkerboard	Mateo Retegui	Soccer	17		https://sportscards.standard.us-east-1.oortstorages.com/new%20card%20scans%202/Untitled-22_0011_Layer%20171.jpg  |https://sportscards.standard.us-east-1.oortstorages.com/new%20card%20scans%202/Untitled-22_0005_Layer%20177.jpg 	FIFA	Italy	2024-25	New	Panini	Panini Donruss FIFA	
2024 Topps Finest MLS 243 Cristian Roldan Oil Spill Refractor	Riccardo Calafiori	Soccer	24	Optic-Argyle	https://sportscards.standard.us-east-1.oortstorages.com/new%20card%20scans%202/Untitled-22_0008_Layer%20174.jpg  |https://sportscards.standard.us-east-1.oortstorages.com/new%20card%20scans%202/Untitled-22_0002_Layer%20180.jpg 	FIFA	Italy	2024-25	New	Panini	Panini Donruss FIFA	
2024 Topps Finest MLS 249 Robin Lod Oil Spill Refractor	 Federico Dimarco	Soccer	27		https://sportscards.standard.us-east-1.oortstorages.com/new%20card%20scans%202/Untitled-22_0006_Layer%20176.jpg   |https://sportscards.standard.us-east-1.oortstorages.com/new%20card%20scans%202/Untitled-22_0000_Layer%20182.jpg 	FIFA	Italy	2024-25	New	Panini	Panini Donruss FIFA	
2024 Topps Finest MLS 285 Gyasi Zardes Oil Spill Refractor	 Benjamin Tanimu	Soccer	7	Rookie Kings	https://sportscards.standard.us-east-1.oortstorages.com/new%20card%20scans%202/Untitled-23_0007_Layer%20175.jpg | https://sportscards.standard.us-east-1.oortstorages.com/new%20card%20scans%202/Untitled-23_0001_Layer%20181.jpg 	FIFA	Nigeria	2024-25	New	Panini	Panini Donruss FIFA	
2024 Topps Finest MLS 32 Osman Bukari Refractor	Victor Boniface	Soccer	164		https://sportscards.standard.us-east-1.oortstorages.com/new%20card%20scans%202/Untitled-23_0008_Layer%20174.jpg  |https://sportscards.standard.us-east-1.oortstorages.com/new%20card%20scans%202/Untitled-23_0002_Layer%20180.jpg 	FIFA	Nigeria	2024-25	New	Panini	Panini Donruss FIFA	
2024 Topps Finest MLS Prized Footballers PF12 Lucho Acosta	Kristoffer Ajer	Soccer	93	Optic-Argyle	https://sportscards.standard.us-east-1.oortstorages.com/new%20card%20scans%202/Untitled-23_0009_Layer%20173.jpg   |https://sportscards.standard.us-east-1.oortstorages.com/new%20card%20scans%202/Untitled-23_0003_Layer%20179.jpg 	FIFA	Norway	2024-25	New	Panini	Panini Donruss FIFA	
2024 Topps Finest MLS Prized Footballers PF19 Nimfasha Berchimas	Tyler Wolff	Soccer	65	Refractor	https://sportscards.standard.us-east-1.oortstorages.com/new%20card%20scans%202/Untitled-15_0010_Layer%20121.jpg  |https://sportscards.standard.us-east-1.oortstorages.com/new%20card%20scans%202/Untitled-15_0004_Layer%20127.jpg 	MLS	Atlanta United FC	2024	New	Topps	Topps Finest MLS	
2024 Topps Finest MLS Prized Footballers PF25 Alexey Miranchuk	Bongokuhle Hlongwane	Soccer	149	Checkerboard	https://sportscards.standard.us-east-1.oortstorages.com/new%20card%20scans%202/Untitled-15_0006_Layer%20125.jpg  |https://sportscards.standard.us-east-1.oortstorages.com/new%20card%20scans%202/Untitled-16_0002_Layer%20141.jpg 	MLS	Minnesota United FC	2024	New	Topps	Topps Finest MLS	
2024 Topps Finest MLS Prized Footballers PF2 Riqui Puig	Cody Baker	Soccer	45	Checkerboard	https://sportscards.standard.us-east-1.oortstorages.com/new%20card%20scans%202/Untitled-12_0006_Layer%20100.jpg   |https://sportscards.standard.us-east-1.oortstorages.com/new%20card%20scans%202/Untitled-12_0000_Layer%20106.jpg 	MLS	Seattle Sounders FC	2024	New	Topps	Topps Finest MLS	
2024 Topps Finest MLS Prized Footballers PF20 Gabriel Pec	Cody Baker	Soccer	145	Refractor	https://sportscards.standard.us-east-1.oortstorages.com/new%20card%20scans%202/Untitled-12_0007_Layer%2099.jpg   |https://sportscards.standard.us-east-1.oortstorages.com/new%20card%20scans%202/Untitled-12_0001_Layer%20105.jpg 	MLS	Seattle Sounders FC	2024	New	Topps	Topps Finest MLS	
2024 Topps Finest MLS Prized Footballers PF23 Joseph Paintsil	Lewis Morgan	Soccer	94	Checkerboard	https://sportscards.standard.us-east-1.oortstorages.com/new%20card%20scans%202/Untitled-12_0008_Layer%2098.jpg  |https://sportscards.standard.us-east-1.oortstorages.com/new%20card%20scans%202/Untitled-12_0002_Layer%20104.jpg 	MLS	New York Red Bulls	2024	New	Topps	Topps Finest MLS	
2024 Topps Finest MLS 290 Quinn Sullivan Oil Spill Refractor	Cristian Roldan	Soccer	243	Oil Spill Refractor	https://sportscards.standard.us-east-1.oortstorages.com/new%20card%20scans%202/Untitled-15_0009_Layer%20122.jpg  |https://sportscards.standard.us-east-1.oortstorages.com/new%20card%20scans%202/Untitled-15_0003_Layer%20128.jpg 	MLS	Seattle Sounders FC	2024	New	Topps	Topps Finest MLS	
2024 Topps Finest MLS 149 Bongokuhle Hlongwane Refractor	Robin Lod	Soccer	249	Oil Spill Refractor	https://sportscards.standard.us-east-1.oortstorages.com/new%20card%20scans%202/Untitled-15_0007_Layer%20124.jpg  |https://sportscards.standard.us-east-1.oortstorages.com/new%20card%20scans%202/Untitled-15_0001_Layer%20130.jpg 	MLS	Minnesota United FC	2024	New	Topps	Topps Finest MLS	
2024-25 Panini Donruss FIFA Magicians 5 Nico Gonzalez	Gyasi Zardes	Soccer	285	Oil Spill Refractor	https://sportscards.standard.us-east-1.oortstorages.com/new%20card%20scans%202/Untitled-15_0011_Layer%20120.jpg  |https://sportscards.standard.us-east-1.oortstorages.com/new%20card%20scans%202/Untitled-15_0005_Layer%20126.jpg 	MLS	Austin FC	2024	New	Topps	Topps Finest MLS	
2024-25 Panini Donruss FIFA 80 Lionel Messi	Osman Bukari	Soccer	32	Refractor	https://sportscards.standard.us-east-1.oortstorages.com/new%20card%20scans%202/Untitled-15_0008_Layer%20123.jpg  |https://sportscards.standard.us-east-1.oortstorages.com/new%20card%20scans%202/Untitled-15_0002_Layer%20129.jpg 	MLS	Austin FC	2024	New	Topps	Topps Finest MLS	
2024-25 Panini Donruss FIFA Magicians 10 Lionel Messi	Lucho Acosta	Soccer	PF12		https://sportscards.standard.us-east-1.oortstorages.com/new%20card%20scans%202/Untitled-17_0008_Layer%20147.jpg |https://sportscards.standard.us-east-1.oortstorages.com/new%20card%20scans%202/Untitled-17_0002_Layer%20153.jpg 	MLS	FC Cincinnati 	2024	New	Topps	Topps Finest MLS	
2024 Topps Finest MLS Finest Dominators DO10 Sergio Busquets	Nimfasha Berchimas	Soccer	PF19		https://sportscards.standard.us-east-1.oortstorages.com/new%20card%20scans%202/Untitled-17_0007_Layer%20148.jpg |https://sportscards.standard.us-east-1.oortstorages.com/new%20card%20scans%202/Untitled-17_0001_Layer%20154.jpg 	MLS	Charlotte FC	2024	New	Topps	Topps Finest MLS	
2024 Topps Finest MLS 222 Jack Mcglynn Oil Spill Refractor	 Alexey Miranchuk	Soccer	PF25		https://sportscards.standard.us-east-1.oortstorages.com/new%20card%20scans%202/Untitled-17_0006_Layer%20149.jpg |https://sportscards.standard.us-east-1.oortstorages.com/new%20card%20scans%202/Untitled-17_0000_Layer%20155.jpg 	MLS	Atlanta United FC	2024	New	Topps	Topps Finest MLS	
2024 Topps Finest MLS 211 Ryan Gauld Oil Spill Refractor	Riqui Puig	Soccer	PF2		https://sportscards.standard.us-east-1.oortstorages.com/new%20card%20scans%202/Untitled-17_0010_Layer%20145.jpg |https://sportscards.standard.us-east-1.oortstorages.com/new%20card%20scans%202/Untitled-17_0004_Layer%20151.jpg 	MLS	LA Galaxy	2024	New	Topps	Topps Finest MLS	
2024 Topps Finest MLS 269 Cristian Espinoza Oil Spill Refractor	Gabriel Pec	Soccer	PF20		https://sportscards.standard.us-east-1.oortstorages.com/new%20card%20scans%202/Untitled-17_0011_Layer%20144.jpg |https://sportscards.standard.us-east-1.oortstorages.com/new%20card%20scans%202/Untitled-17_0005_Layer%20150.jpg 	MLS	LA Galaxy	2024	New	Topps	Topps Finest MLS	
2024 Topps Finest MLS 96 Benja Cremaschi Checkerboard	Joseph Paintsil	Soccer	PF23		https://sportscards.standard.us-east-1.oortstorages.com/new%20card%20scans%202/Untitled-17_0009_Layer%20146.jpg |https://sportscards.standard.us-east-1.oortstorages.com/new%20card%20scans%202/Untitled-17_0003_Layer%20152.jpg 	MLS	LA Galaxy	2024	New	Topps	Topps Finest MLS	
2024 Topps Finest MLS 218 Lucho Acosta Oil Spill Refractor	Quinn Sullivan	Soccer	290	Oil Spill Refractor	https://sportscards.standard.us-east-1.oortstorages.com/new%20card%20scans%202/Untitled-14_0008_Layer%20122.jpg |https://sportscards.standard.us-east-1.oortstorages.com/new%20card%20scans%202/Untitled-14_0002_Layer%20128.jpg 	MLS	Philadelphia Union	2024	New	Topps	Topps Finest MLS	
2024 Topps Finest MLS Short Prints MLS9 Zlatan Ibrahimovic	Bongokuhle Hlongwane	Soccer	149	Refractor	https://sportscards.standard.us-east-1.oortstorages.com/new%20card%20scans%202/Untitled-16_0008_Layer%20135.jpg |https://sportscards.standard.us-east-1.oortstorages.com/new%20card%20scans%202/Untitled-16_0002_Layer%20141.jpg 	MLS	Minnesota United FC	2024	New	Topps	Topps Finest MLS	
2024 Topps Finest MLS 30 Gabriel Pec	Nico Gonzalez	Soccer	5		https://sportscards.standard.us-east-1.oortstorages.com/new%20card%20scans%202/Untitled-18_0011_Layer%20145.jpg |https://sportscards.standard.us-east-1.oortstorages.com/new%20card%20scans%202/Untitled-18_0005_Layer%20151.jpg 	FIFA	Argentina	2024-25	New	Panini	Panini Donruss FIFA	
2024 Topps Finest MLS 263 Diego Fagundez Oil Spill Refractor	Lionel Messi	Soccer	80		https://sportscards.standard.us-east-1.oortstorages.com/new%20card%20scans%202/Untitled-18_0010_Layer%20146.jpg |https://sportscards.standard.us-east-1.oortstorages.com/new%20card%20scans%202/Untitled-18_0004_Layer%20152.jpg 	FIFA	Argentina	2024-25	New	Panini	Panini Donruss FIFA	
2024 Topps Finest MLS 100 Riqui Puig Refractor	Lionel Messi	Soccer	10		https://sportscards.standard.us-east-1.oortstorages.com/new%20card%20scans%202/Untitled-18_0009_Layer%20147.jpg |https://sportscards.standard.us-east-1.oortstorages.com/new%20card%20scans%202/Untitled-18_0003_Layer%20153.jpg 	FIFA	Argentina	2024-25	New	Panini	Panini Donruss FIFA	
2024 Topps Finest MLS 202 Riqui Puig Oil Spill Refractor	Sergio Busquets	Soccer	DO10		https://sportscards.standard.us-east-1.oortstorages.com/new%20card%20scans%202/Untitled-18_0006_Layer%20150.jpg |https://sportscards.standard.us-east-1.oortstorages.com/new%20card%20scans%202/Untitled-18_0000_Layer%20156.jpg 	MLS	Inter Miami CF	2024	New	Topps	Topps Finest MLS	
2023-24 Panini Select Premier League Equalizers 20 Matheus Cunha	Jack Mcglynn	Soccer	222	Oil Spill Refractor	https://sportscards.standard.us-east-1.oortstorages.com/new%20card%20scans%202/Untitled-14_0007_Layer%20123.jpg |https://sportscards.standard.us-east-1.oortstorages.com/new%20card%20scans%202/Untitled-14_0001_Layer%20129.jpg 	MLS	Philadelphia Union	2024	New	Topps	Topps Finest MLS	
2023-24 Panini Select Premier League 200 Mario Lemina Red Ice	Ryan Gauld	Soccer	211	Oil Spill Refractor	https://sportscards.standard.us-east-1.oortstorages.com/new%20card%20scans%202/Untitled-14_0006_Layer%20124.jpg |https://sportscards.standard.us-east-1.oortstorages.com/new%20card%20scans%202/Untitled-14_0000_Layer%20130.jpg 	MLS	Vancouver Whitecaps	2024	New	Topps	Topps Finest MLS	
2023-24 Panini Select Premier League Unstoppable 20 Hee-Chan Hwang	Cristian Espinoza	Soccer	269	Oil Spill Refractor	https://sportscards.standard.us-east-1.oortstorages.com/new%20card%20scans%202/Untitled-14_0011_Layer%20119.jpg |https://sportscards.standard.us-east-1.oortstorages.com/new%20card%20scans%202/Untitled-14_0005_Layer%20125.jpg 	MLS	San Jose Earthquakes	2024	New	Topps	Topps Finest MLS	
2023-24 Panini Select Premier League 199 Hee-Chan Hwang Pink Ice	Benja Cremaschi	Soccer	96	Checkerboard	https://sportscards.standard.us-east-1.oortstorages.com/new%20card%20scans%202/Untitled-14_0010_Layer%20120.jpg |https://sportscards.standard.us-east-1.oortstorages.com/new%20card%20scans%202/Untitled-14_0004_Layer%20126.jpg 	MLS	Inter Miami CF	2024	New	Topps	Topps Finest MLS	
2023-24 Panini Select Premier League 250 Hee-Chan Hwang Red Ice	Lucho Acosta	Soccer	218	Oil Spill Refractor	https://sportscards.standard.us-east-1.oortstorages.com/new%20card%20scans%202/Untitled-14_0009_Layer%20121.jpg |https://sportscards.standard.us-east-1.oortstorages.com/new%20card%20scans%202/Untitled-14_0003_Layer%20127.jpg 	MLS	FC Cincinnati 	2024	New	Topps	Topps Finest MLS	
2023-24 Panini Select Premier League 220 Matheus Cunha Red Ice	Zlatan Ibrahimovic	Soccer	MLS9	Short Prints	https://sportscards.standard.us-east-1.oortstorages.com/new%20card%20scans%202/Untitled-8_0008_Layer%2072.jpg | https://sportscards.standard.us-east-1.oortstorages.com/new%20card%20scans%202/Untitled-8_0003_Layer%2077.jpg 	MLS	LA Galaxy	2024	New	Topps	Topps Finest MLS	
2023-24 Panini Select Premier League 220 Matheus Cunha Red	Gabriel Pec	Soccer	30		https://sportscards.standard.us-east-1.oortstorages.com/new%20card%20scans%202/Untitled-16_0006_Layer%20137.jpg |https://sportscards.standard.us-east-1.oortstorages.com/new%20card%20scans%202/Untitled-16_0000_Layer%20143.jpg 	MLS	LA Galaxy	2024	New	Topps	Topps Finest MLS	
2023-24 Panini Select Premier League 99 Jean-Ricner Bellegarde Red Ice	Diego Fagundez	Soccer	263	Oil Spill Refractor	https://sportscards.standard.us-east-1.oortstorages.com/new%20card%20scans%202/Untitled-16_0011_Layer%20132.jpg |https://sportscards.standard.us-east-1.oortstorages.com/new%20card%20scans%202/Untitled-9_0005_Layer%2087.jpg 	MLS	LA Galaxy	2024	New	Topps	Topps Finest MLS	
2023-24 Panini Select Premier League 97 Pedro Neto Red Ice	Riqui Puig	Soccer	100	Refractor	https://sportscards.standard.us-east-1.oortstorages.com/new%20card%20scans%202/Untitled-16_0010_Layer%20133.jpg |https://sportscards.standard.us-east-1.oortstorages.com/new%20card%20scans%202/Untitled-16_0004_Layer%20139.jpg 	MLS	LA Galaxy	2024	New	Topps	Topps Finest MLS	
2023-24 Panini Select Premier League Select Stars 19 Jarrod Bowen Blue Pulsar	Riqui Puig	Soccer	202	Oil Spill Refractor	https://sportscards.standard.us-east-1.oortstorages.com/new%20card%20scans%202/Untitled-16_0009_Layer%20134.jpg | https://sportscards.standard.us-east-1.oortstorages.com/new%20card%20scans%202/Untitled-9_0000_Layer%2092.jpg 	MLS	LA Galaxy	2024	New	Topps	2024 Topps Finest MLS	
2023-24 Panini Select Premier League Select Stars 19 Jarrod Bowen	Matheus Cunha	Soccer	20		https://sportscards.standard.us-east-1.oortstorages.com/new%20card%20scans%202/card%20matcher/Untitled-16_0000_Layer%2094.jpg  | https://sportscards.standard.us-east-1.oortstorages.com/new%20card%20scans%202/card%20matcher/Untitled-16-back_0000_Layer%2094.jpg 	Premier League	Wolverhampton Wanderers	2023–24	New	Panini	2023-24 Panini Select Premier League	
2023-24 Panini Select Premier League 93 Nayef Aguerd Red Ice	Mario Lemina	Soccer	200	Red Ice	https://sportscards.standard.us-east-1.oortstorages.com/new%20card%20scans%202/card%20matcher/Untitled-16_0002_Layer%2092.jpg | https://sportscards.standard.us-east-1.oortstorages.com/new%20card%20scans%202/card%20matcher/Untitled-55_0004_Layer%2040.jpg	Premier League	Wolverhampton Wanderers	2023–24	New	Panini	2023-24 Panini Select Premier League	
2023-24 Panini Select Premier League 249 Jarrod Bowen Red Ice	Hee-Chan Hwang	Soccer	20		https://sportscards.standard.us-east-1.oortstorages.com/new%20card%20scans%202/card%20matcher/Untitled-16_0001_Layer%2093.jpg | https://sportscards.standard.us-east-1.oortstorages.com/new%20card%20scans%202/card%20matcher/Untitled-16-back_0001_Layer%2093.jpg 	Premier League	Wolverhampton Wanderers	2023–24	New	Panini	2023-24 Panini Select Premier League	
2023-24 Panini Select Premier League 193 Michail Antonio	Hee-Chan Hwang	Soccer	199	Pink Ice	https://sportscards.standard.us-east-1.oortstorages.com/new%20card%20scans%202/card%20matcher/Untitled-16_0004_Layer%2090.jpg | https://sportscards.standard.us-east-1.oortstorages.com/new%20card%20scans%202/card%20matcher/Untitled-16-back_0004_Layer%2090.jpg 	Premier League	Wolverhampton Wanderers	2023–24	New	Panini	2023-24 Panini Select Premier League	
2023-24 Panini Select Premier League Equalizers 19 Lucas Paqueta	Hee-Chan Hwang	Soccer	250	Red Ice	https://sportscards.standard.us-east-1.oortstorages.com/new%20card%20scans%202/card%20matcher/Untitled-16_0003_Layer%2091.jpg | https://sportscards.standard.us-east-1.oortstorages.com/new%20card%20scans%202/card%20matcher/Untitled-16-back_0003_Layer%2091.jpg 	Premier League	Wolverhampton Wanderers	2023–24	New	Panini	2023-24 Panini Select Premier League	
2023-24 Panini Select Premier League Equalizers 2 Martin Odegaard	Matheus Cunha	Soccer	220	Red Ice	https://sportscards.standard.us-east-1.oortstorages.com/new%20card%20scans%202/card%20matcher/Untitled-15_0000_Layer%2088.jpg | https://sportscards.standard.us-east-1.oortstorages.com/new%20card%20scans%202/card%20matcher/Untitled-15-back_0000_Layer%2093.jpg 	Premier League	Wolverhampton Wanderers	2023–24	New	Panini	2023-24 Panini Select Premier League	
2023-24 Topps Merlin UEFA Club Competitions 14 Martin Odegaard	Matheus Cunha	Soccer	220	Red 	https://sportscards.standard.us-east-1.oortstorages.com/new%20card%20scans%202/card%20matcher/Untitled-15_0004_Layer%2084.jpg | https://sportscards.standard.us-east-1.oortstorages.com/new%20card%20scans%202/card%20matcher/Untitled-15-back_0004_Layer%2089.jpg 	Premier League	Wolverhampton Wanderers	2023–24	New	Panini	2023-24 Panini Select Premier League	
2023-24 Panini Select Premier League 221 Declan Rice Purple	 Jean-Ricner Bellegarde	Soccer	99	Red Ice	https://sportscards.standard.us-east-1.oortstorages.com/new%20card%20scans%202/card%20matcher/Untitled-15_0003_Layer%2085.jpg | https://sportscards.standard.us-east-1.oortstorages.com/new%20card%20scans%202/card%20matcher/Untitled-15-back_0003_Layer%2090.jpg 	Premier League	Wolverhampton Wanderers	2023–24	New	Panini	2023-24 Panini Select Premier League	
2023-24 Panini Select Premier League 110 Kai Havertz	Pedro Neto	Soccer	97	Red Ice	https://sportscards.standard.us-east-1.oortstorages.com/new%20card%20scans%202/card%20matcher/Untitled-15_0002_Layer%2086.jpg | https://sportscards.standard.us-east-1.oortstorages.com/new%20card%20scans%202/card%20matcher/Untitled-15-back_0002_Layer%2091.jpg 	Premier League	Wolverhampton Wanderers	2023–24	New	Panini	2023-24 Panini Select Premier League	
2023-24 Panini Select Premier League 222 Martin Odegaard Red Ice	Jarrod Bowen	Soccer	19	Blue Pulsar	https://sportscards.standard.us-east-1.oortstorages.com/new%20card%20scans%202/card%20matcher/Untitled-14_0001_Layer%2086.jpg | https://sportscards.standard.us-east-1.oortstorages.com/new%20card%20scans%202/card%20matcher/Untitled-14-back_0000_Layer%2088.jpg 	Premier League	West Ham United	2023–24	New	Panini	2023-24 Panini Select Premier League Select Stars	
2023-24 Panini Select Premier League 225 William Saliba Red Ice	Jarrod Bowen	Soccer	19		https://sportscards.standard.us-east-1.oortstorages.com/new%20card%20scans%202/card%20matcher/Untitled-14_0000_Layer%2087.jpg | https://sportscards.standard.us-east-1.oortstorages.com/new%20card%20scans%202/card%20matcher/Untitled-14-back_0001_Layer%2087.jpg 	Premier League	West Ham United	2023–24	New	Panini	2023-24 Panini Select Premier League Select Stars	
2023-24 Panini Select Premier League 15 Emiliano Martinez Red	Nayef Aguerd	Soccer	93	Red Ice	https://sportscards.standard.us-east-1.oortstorages.com/new%20card%20scans%202/card%20matcher/Untitled-14_0004_Layer%2083.jpg | https://sportscards.standard.us-east-1.oortstorages.com/new%20card%20scans%202/card%20matcher/Untitled-14-back_0004_Layer%2084.jpg 	Premier League	West Ham United	2023–24	New	Panini	2023-24 Panini Select Premier League	
2022-23 Topps Merlin Chrome UEFA Club Competitions 13 Eddie Nketiah Refractor	Jarrod Bowen	Soccer	249	Red Ice	https://sportscards.standard.us-east-1.oortstorages.com/new%20card%20scans%202/card%20matcher/Untitled-14-back_0004_Layer%2084.jpg | https://sportscards.standard.us-east-1.oortstorages.com/new%20card%20scans%202/card%20matcher/Untitled-14-back_0003_Layer%2085.jpg	Premier League	West Ham United	2023–24	New	Panini	2023-24 Panini Select Premier League	
2023-24 Panini Select Premier League Select Stars 2 Bukayo Saka	 Michail Antonio	Soccer	193		https://sportscards.standard.us-east-1.oortstorages.com/new%20card%20scans%202/card%20matcher/Untitled-14_0002_Layer%2085.jpg | https://sportscards.standard.us-east-1.oortstorages.com/new%20card%20scans%202/card%20matcher/Untitled-14-back_0002_Layer%2086.jpg	Premier League	West Ham United	2023–24	New	Panini	2023-24 Panini Select Premier League	
2023-24 Panini Select Premier League 10 William Saliba Red Ice	Lucas Paqueta	Soccer	19		https://sportscards.standard.us-east-1.oortstorages.com/new%20card%20scans%202/card%20matcher/Untitled-14_0005_Layer%2082.jpg  | https://sportscards.standard.us-east-1.oortstorages.com/new%20card%20scans%202/card%20matcher/Untitled-14-back_0005_Layer%2083.jpg 	Premier League	West Ham United	2023–24	New	Panini	2023-24 Panini Select Premier League	
2022-23 Topps Merlin Chrome UEFA Club Competitions 16 Gabriel Jesus Refractor	Martin Odegaard	Soccer	2		https://sportscards.standard.us-east-1.oortstorages.com/new%20card%20scans%202/card%20matcher/Untitled-24_0002_Layer%20134.jpg  | https://sportscards.standard.us-east-1.oortstorages.com/new%20card%20scans%202/card%20matcher/Untitled-24-back_0000_Layer%20137.jpg 	Premier League	Arsenal	2023–24	New	Panini	2023-24 Panini Select Premier League	
2023-24 Panini Select Premier League Select Future 3 Fabio Vieira	Martin Odegaard	Soccer	14		https://sportscards.standard.us-east-1.oortstorages.com/new%20card%20scans%202/card%20matcher/Untitled-24_0005_Layer%20131.jpg  | https://sportscards.standard.us-east-1.oortstorages.com/new%20card%20scans%202/card%20matcher/Untitled-24-back_0003_Layer%20134.jpg 	Premier League	Arsenal	2023–24	New	Topps	2023-24 Topps Merlin UEFA Club Competitions	
2023-24 Panini Select Premier League 110 Kai Havertz Red Ice	Declan Rice	Soccer	221	Purple Refractor	https://sportscards.standard.us-east-1.oortstorages.com/new%20card%20scans%202/card%20matcher/Untitled-44_0008_Layer%2027.jpg  | https://sportscards.standard.us-east-1.oortstorages.com/new%20card%20scans%202/card%20matcher/Untitled-44_0002_Layer%2033.jpg 	Premier League	Arsenal	2023–24	New	Panini	2023-24 Panini Select Premier League	
2023-24 Panini Select Premier League 223 Gabriel Martinelli Red Ice	 Kai Havertz	Soccer	110		https://sportscards.standard.us-east-1.oortstorages.com/new%20card%20scans%202/card%20matcher/Untitled-10_0000_Layer%2061.jpg  | https://sportscards.standard.us-east-1.oortstorages.com/new%20card%20scans%202/card%20matcher/Untitled-10-back_0000_Layer%2062.jpg 	Premier League	Arsenal	2023–24	New	Panini	2023-24 Panini Select Premier League	
2023-24 Panini Select Premier League 13 Matty Cash Red Ice	Martin Odegaard	Soccer	222	Red Ice	https://sportscards.standard.us-east-1.oortstorages.com/new%20card%20scans%202/card%20matcher/Untitled-44_0010_Layer%2025.jpg  | https://sportscards.standard.us-east-1.oortstorages.com/new%20card%20scans%202/card%20matcher/Untitled-56_0002_Layer%2042.jpg 	Premier League	Arsenal	2023–24	New	Panini	2023-24 Panini Select Premier League	
2023-24 Panini Select Premier League 15 Emiliano Martinez Red Ice	William Saliba	Soccer	225	Red Ice	https://sportscards.standard.us-east-1.oortstorages.com/new%20card%20scans%202/card%20matcher/Untitled-44_0011_Layer%2024.jpg  | https://sportscards.standard.us-east-1.oortstorages.com/new%20card%20scans%202/card%20matcher/Untitled-44_0005_Layer%2030.jpg 	Premier League	Arsenal	2023–24	New	Panini	2023-24 Panini Select Premier League	
2023-24 Panini Select Premier League 14 Morgan Rogers Red Ice	Emiliano Martinez	Soccer	15	Red	https://sportscards.standard.us-east-1.oortstorages.com/new%20card%20scans%202/card%20matcher/Untitled-45_0009_Layer%203.jpg  | https://sportscards.standard.us-east-1.oortstorages.com/new%20card%20scans%202/card%20matcher/Untitled-45_0003_Layer%209.jpg 	Premier League	Aston Villa	2023-24	New	Panini	2023-24 Panini Select Premier League	
2023-24 Panini Prizm Premier League 109 Jhon Duran Orange Mosaic	Eddie Nketiah		13	Refractor	https://sportscards.standard.us-east-1.oortstorages.com/new%20card%20scans%202/card%20matcher/Untitled-24_0004_Layer%20132.jpg  | https://sportscards.standard.us-east-1.oortstorages.com/new%20card%20scans%202/card%20matcher/Untitled-24-back_0004_Layer%20133.jpg 	Premier League	Arsenal	2022-23	New	Topps	2022-23 Topps Merlin Chrome UEFA Club Competitions	
2023-24 Panini Select Premier League 227 Jhon Duran Red Ice	Bukayo Saka		2		https://sportscards.standard.us-east-1.oortstorages.com/new%20card%20scans%202/card%20matcher/Untitled-24_0000_Layer%20136.jpg  | https://sportscards.standard.us-east-1.oortstorages.com/new%20card%20scans%202/card%20matcher/Untitled-24-back_0002_Layer%20135.jpg 	Premier League	Arsenal	2023-24	New	Panini	2023-24 Panini Select Premier League Select Stars	
2023-24 Panini Select Premier League 203 Ollie Watkins Red Ice	William Saliba		10	Red Ice	https://sportscards.standard.us-east-1.oortstorages.com/new%20card%20scans%202/card%20matcher/Untitled-44_0009_Layer%2026.jpg  | https://sportscards.standard.us-east-1.oortstorages.com/new%20card%20scans%202/card%20matcher/Untitled-44_0003_Layer%2032.jpg 	Premier League	Arsenal	2023-24	New	Panini	2023-24 Panini Select Premier League	
2023-24 Panini Select Premier League Unstoppable 4 Mathias Jensen	Gabriel Jesus		16	Refractor	https://sportscards.standard.us-east-1.oortstorages.com/new%20card%20scans%202/card%20matcher/Untitled-24_0003_Layer%20133.jpg  | https://sportscards.standard.us-east-1.oortstorages.com/new%20card%20scans%202/card%20matcher/Untitled-24-back_0005_Layer%20132.jpg 	Premier League	Arsenal	2022-23	New	Topps	2022-23 Topps Merlin Chrome UEFA Club Competitions	
2023-24 Panini Select Premier League 117 Yoane Wissa	Fabio Vieira		3		https://sportscards.standard.us-east-1.oortstorages.com/new%20card%20scans%202/card%20matcher/Untitled-24_0001_Layer%20135.jpg  | https://sportscards.standard.us-east-1.oortstorages.com/new%20card%20scans%202/card%20matcher/Untitled-24-back_0001_Layer%20136.jpg 	Premier League	Arsenal	2023-24	New	Panini	2023-24 Panini Select Premier League Select Future	
2023-24 Panini Select Premier League 228 Ivan Toney Red Ice	Kai Havertz		110	Red Ice	https://sportscards.standard.us-east-1.oortstorages.com/new%20card%20scans%202/card%20matcher/Untitled-44_0010_Layer%2025.jpg  | https://sportscards.standard.us-east-1.oortstorages.com/new%20card%20scans%202/card%20matcher/Untitled-44_0004_Layer%2031.jpg 	Premier League	Arsenal	2023-24	New	Panini	2023-24 Panini Select Premier League	
2023-24 Panini Select Premier League 18 Nathan Collins Red Ice	Gabriel Martinelli		223	Red Ice	https://sportscards.standard.us-east-1.oortstorages.com/new%20card%20scans%202/card%20matcher/Untitled-44_0006_Layer%2029.jpg  | https://sportscards.standard.us-east-1.oortstorages.com/new%20card%20scans%202/card%20matcher/Untitled-44_0000_Layer%2035.jpg 	Premier League	Arsenal	2023-24	New	Panini	2023-24 Panini Select Premier League	
2023-24 Panini Select Premier League 116 Bryan Mbeumo Red Ice	Matty Cash		13	Red Ice	https://sportscards.standard.us-east-1.oortstorages.com/new%20card%20scans%202/card%20matcher/Untitled-1_0022_Layer%2026.jpg  | https://sportscards.standard.us-east-1.oortstorages.com/new%20card%20scans%202/card%20matcher/Untitled-1_0016_Layer%2032.jpg 	Premier League	Aston Villa	2023-24	New	Panini	2023-24 Panini Select Premier League	
2023-24 Panini Select Premier League 19 Aaron Hickey Red Ice	Emiliano Martinez		15	Red Ice	https://sportscards.standard.us-east-1.oortstorages.com/new%20card%20scans%202/card%20matcher/Untitled-45_0010_Layer%202.jpg  | https://sportscards.standard.us-east-1.oortstorages.com/new%20card%20scans%202/card%20matcher/Untitled-45_0003_Layer%209.jpg 	Premier League	Aston Villa	2023-24	New	Panini	2023-24 Panini Select Premier League	
2023-24 Panini Select Premier League 117 Yoane Wissa	 Yoane Wissa	Soccer	117		https://sportscards.standard.us-east-1.oortstorages.com/new%20card%20scans%202/card%20matcher/Untitled-45_0011_Layer%201.jpg  | https://sportscards.standard.us-east-1.oortstorages.com/new%20card%20scans%202/card%20matcher/Untitled-45_0005_Layer%207.jpg 	Premier League	Brentford	2023-24	New	Panini	2023-24 Panini Select Premier League	
2023-24 Panini Select Premier League Unstoppable 4 Mathias Jensen	 Mathias Jensen	Soccer	4		https://sportscards.standard.us-east-1.oortstorages.com/new%20card%20scans%202/card%20matcher/Untitled-45_0006_Layer%206.jpg  | https://sportscards.standard.us-east-1.oortstorages.com/new%20card%20scans%202/card%20matcher/Untitled-45_0000_Layer%2012.jpg 	Premier League	Brentford	2023-24	New	Panini	2023-24 Panini Select Premier League	
2023-24 Panini Select Premier League 136 Odsonne Edouard	 Odsonne Edouard	Soccer	136		https://sportscards.standard.us-east-1.oortstorages.com/new%20card%20scans%202/card%20matcher/Untitled-45_0007_Layer%205.jpg  | https://sportscards.standard.us-east-1.oortstorages.com/new%20card%20scans%202/card%20matcher/Untitled-45_0001_Layer%2011.jpg 	Premier League	Brentford	2023-24	New	Panini	2023-24 Panini Select Premier League	
2023-24 Panini Select Premier League 40 Matheus Franca Red Ice	Matheus Franca	Soccer	40	Red Ice	https://sportscards.standard.us-east-1.oortstorages.com/new%20card%20scans%202/card%20matcher/Untitled-45_0008_Layer%204.jpg  | https://sportscards.standard.us-east-1.oortstorages.com/new%20card%20scans%202/card%20matcher/Untitled-45_0002_Layer%2010.jpg 	Premier League	Brentford	2023-24	New	Panini	2023-24 Panini Select Premier League	
2023-24 Panini Select Premier League 140 Jeffrey Schlupp Red Ice	Jeffrey Schlupp	Soccer	140	Red Ice	https://sportscards.standard.us-east-1.oortstorages.com/new%20card%20scans%202/card%20matcher/Untitled-46_0007_Layer%2016.jpg  | https://sportscards.standard.us-east-1.oortstorages.com/new%20card%20scans%202/card%20matcher/Untitled-46_0002_Layer%2022.jpg 	Premier League	Brentford	2023-24	New	Panini	2023-24 Panini Select Premier League	
2023-24 Panini Select Premier League 234 Eberechi Eze Red Ice	Eberechi Eze	Soccer	234	Red Ice	https://sportscards.standard.us-east-1.oortstorages.com/new%20card%20scans%202/card%20matcher/Untitled-46_0006_Layer%2017.jpg  | https://sportscards.standard.us-east-1.oortstorages.com/new%20card%20scans%202/card%20matcher/Untitled-46_0001_Layer%2023.jpg 	Premier League	Crystal Palace	2023-24	New	Panini	2023-24 Panini Select Premier League	
2023-24 Panini Select Premier League Select Future 10 David Ozoh	David Ozoh	Soccer	10		https://sportscards.standard.us-east-1.oortstorages.com/new%20card%20scans%202/card%20matcher/Untitled-13_0001_Layer%2079.jpg  | https://sportscards.standard.us-east-1.oortstorages.com/new%20card%20scans%202/card%20matcher/Untitled-46_0004_Layer%2019.jpg 	Premier League	Crystal Palace	2023-24	New	Panini	2023-24 Panini Select Premier League	
2023-24 Panini Select Premier League 36 Jean-Philippe Mateta Red Ice	 Jean-Philippe Mateta	Soccer	36	Red Ice	https://sportscards.standard.us-east-1.oortstorages.com/new%20card%20scans%202/card%20matcher/Untitled-46_0009_Layer%2014.jpg  | https://sportscards.standard.us-east-1.oortstorages.com/new%20card%20scans%202/card%20matcher/Untitled-46_0003_Layer%2020.jpg 	Premier League	Crystal Palace	2023-24	New	Panini	2023-24 Panini Select Premier League	
2023-24 Panini Prizm Premier League 252 Lewis Dobbin Blue Mosaic	Lewis Dobbin	Soccer	252	Blue Mosaic	https://sportscards.standard.us-east-1.oortstorages.com/new%20card%20scans%202/card%20matcher/Untitled-46_0008_Layer%2015.jpg  | https://sportscards.standard.us-east-1.oortstorages.com/new%20card%20scans%202/card%20matcher/Untitled-46_0010_Layer%2021.jpg 	Premier League	Crystal Palace	2023-24	New	Panini	2023-24 Panini Select Premier League	
2023-24 Panini Select Premier League 44 Lewis Dobbin	Lewis Dobbin	Soccer	44		https://sportscards.standard.us-east-1.oortstorages.com/new%20card%20scans%202/card%20matcher/Untitled-46_0005_Layer%2018.jpg  | https://sportscards.standard.us-east-1.oortstorages.com/new%20card%20scans%202/card%20matcher/Untitled-46_0000_Layer%2024.jpg 	Premier League	Crystal Palace	2023-24	New	Panini	2023-24 Panini Select Premier League	
2023-24 Panini Select Premier League 144 Youssef Chermiti	Youssef Chermiti	Soccer	144		https://sportscards.standard.us-east-1.oortstorages.com/new%20card%20scans%202/card%20matcher/Untitled-46_0006_Layer%2017.jpg  | https://sportscards.standard.us-east-1.oortstorages.com/new%20card%20scans%202/card%20matcher/Untitled-46_0001_Layer%2023.jpg 	Premier League	Crystal Palace	2023-24	New	Panini	2023-24 Panini Select Premier League	
2023-24 Panini Select Premier League Select Stars 9 Dominic Calvert-Lewin	 Dominic Calvert-Lewin	Soccer	9		https://sportscards.standard.us-east-1.oortstorages.com/new%20card%20scans%202/card%20matcher/Untitled-46_0007_Layer%2016.jpg   | https://sportscards.standard.us-east-1.oortstorages.com/new%20card%20scans%202/card%20matcher/Untitled-46_0002_Layer%2022.jpg 	Premier League	Everton	2023-24	New	Panini	2023-24 Panini Select Premier League Select Future	
2023-24 Panini Select Premier League 42 Jordan Pickford Red Ice	Jordan Pickford	Soccer	42	Red Ice	https://sportscards.standard.us-east-1.oortstorages.com/new%20card%20scans%202/card%20matcher/Untitled-35-front_0004_Layer%2046.jpg  | https://sportscards.standard.us-east-1.oortstorages.com/new%20card%20scans%202/card%20matcher/Untitled-35-back_0004_Layer%2015.jpg 	Premier League	Everton	2023-24	New	Panini	2023-24 Panini Select Premier League	
2023-24 Panini Select Premier League 43 James Tarkowski Red Ice	James Tarkowski	Soccer	43	Red Ice	https://sportscards.standard.us-east-1.oortstorages.com/new%20card%20scans%202/card%20matcher/Untitled-39_0000_Layer%2052.jpg  | https://sportscards.standard.us-east-1.oortstorages.com/new%20card%20scans%202/card%20matcher/Untitled-39-back_0000_Layer%2058.jpg 	Premier League	Everton	2023-24	New	Panini	2023-24 Panini Prizm Premier League	
2023-24 Panini Select Premier League 47 Bobby de Cordova-Reid Red Ice	 Bobby de Cordova-Reid	Soccer	47	Red Ice	https://sportscards.standard.us-east-1.oortstorages.com/new%20card%20scans%202/card%20matcher/Untitled-39_0001_Layer%2051.jpg  | https://sportscards.standard.us-east-1.oortstorages.com/new%20card%20scans%202/card%20matcher/Untitled-39-back_0001_Layer%2057.jpg 	Premier League	Everton	2023-24	New	Panini	2023-24 Panini Select Premier League	
2023-24 Panini Select Premier League Unstoppable 10 Andreas Pereira	 Andreas Pereira	Soccer	10	Unstoppable	https://sportscards.standard.us-east-1.oortstorages.com/new%20card%20scans%202/card%20matcher/Untitled-39_0002_Layer%2050.jpg  | https://sportscards.standard.us-east-1.oortstorages.com/new%20card%20scans%202/card%20matcher/Untitled-39-back_0002_Layer%2056.jpg 	Premier League	Everton	2023-24	New	Panini	2023-24 Panini Select Premier League	
2023-24 Panini Select Premier League 146 Andreas Pereira Red Ice	Andreas Pereira	Soccer	146	Red Ice	https://sportscards.standard.us-east-1.oortstorages.com/new%20card%20scans%202/card%20matcher/Untitled-35-front_0005_Layer%2045.jpg  | https://sportscards.standard.us-east-1.oortstorages.com/new%20card%20scans%202/card%20matcher/Untitled-35-back_0005_Layer%2014.jpg 	Premier League	Everton	2023-24	New	Panini	2023-24 Panini Select Premier League Select Stars	
2023-24 Panini Select Premier League Select Stars 4 Bryan Mbeumo	Bryan Mbeumo	Soccer	4	Select Stars	https://sportscards.standard.us-east-1.oortstorages.com/new%20card%20scans%202/card%20matcher/Untitled-35-front_0003_Layer%2047.jpg  | https://sportscards.standard.us-east-1.oortstorages.com/new%20card%20scans%202/card%20matcher/Untitled-35-back_0003_Layer%2016.jpg 	Premier League	Everton	2023-24	New	Panini	2023-24 Panini Select Premier League	
2023-24 Panini Select Premier League Unstoppable 22 Christian Norgaard	Christian Norgaard	Soccer	22	Unstoppable	https://sportscards.standard.us-east-1.oortstorages.com/new%20card%20scans%202/card%20matcher/Untitled-35-front_0000_Layer%2050.jpg  | https://sportscards.standard.us-east-1.oortstorages.com/new%20card%20scans%202/card%20matcher/Untitled-35-back_0000_Layer%2019.jpg 	Premier League	Everton	2023-24	New	Panini	2023-24 Panini Select Premier League	
2023-24 Panini Select Premier League Equalizers 6 Lyle Foster	Lyle Foster	Soccer	6	Equalizers	https://sportscards.standard.us-east-1.oortstorages.com/new%20card%20scans%202/card%20matcher/Untitled-35-front_0001_Layer%2049.jpg  | https://sportscards.standard.us-east-1.oortstorages.com/new%20card%20scans%202/card%20matcher/Untitled-35-back_0001_Layer%2018.jpg 	Premier League	Fulham	2023-24	New	Panini	2023-24 Panini Select Premier League	
2023-24 Panini Select Premier League Select Stars 6 Sander Berge	Sander Berge	Soccer	6	Select Stars	https://sportscards.standard.us-east-1.oortstorages.com/new%20card%20scans%202/card%20matcher/Untitled-35-front_0002_Layer%2048.jpg  | https://sportscards.standard.us-east-1.oortstorages.com/new%20card%20scans%202/card%20matcher/Untitled-35-back_0002_Layer%2017.jpg 	Premier League	Fulham	2023-24	New	Panini	2023-24 Panini Select Premier League	
2023-24 Panini Select Premier League 205 Kaoru Mitoma Red Ice	Kaoru Mitoma	Soccer	205	Red Ice	https://sportscards.standard.us-east-1.oortstorages.com/new%20card%20scans%202/card%20matcher/Untitled-1_0023_Layer%2025.jpg  | https://sportscards.standard.us-east-1.oortstorages.com/new%20card%20scans%202/card%20matcher/Untitled-1_0015_Layer%2033.jpg 	Premier League	Fulham	2023-24	New	Panini	2023-24 Panini Select Premier League	
2023-24 Panini Select Premier League 22 Solly March Red Ice	Solly March	Soccer	22	Red Ice	https://sportscards.standard.us-east-1.oortstorages.com/new%20card%20scans%202/card%20matcher/Untitled-38_0001_Layer%2043.jpg  | https://sportscards.standard.us-east-1.oortstorages.com/new%20card%20scans%202/card%20matcher/Untitled-38-back_0001_Layer%2050.jpg 	Premier League	Brentford	2023-24	New	Panini	2023-24 Panini Select Premier League	
2023-24 Panini Select Premier League 21 Joao Pedro	Joao Pedro	Soccer	21	Base	https://sportscards.standard.us-east-1.oortstorages.com/new%20card%20scans%202/card%20matcher/Untitled-38_0000_Layer%2044.jpg  | https://sportscards.standard.us-east-1.oortstorages.com/new%20card%20scans%202/card%20matcher/Untitled-38-back_0000_Layer%2051.jpg 	Premier League	Brentford	2023-24	New	Panini	2023-24 Panini Select Premier League	
2023-24 Panini Select Premier League Unstoppable 5 Kaoru Mitoma	Kaoru Mitoma	Soccer	5	Unstoppable	https://sportscards.standard.us-east-1.oortstorages.com/new%20card%20scans%202/card%20matcher/Untitled-38_0002_Layer%2042.jpg  | https://sportscards.standard.us-east-1.oortstorages.com/new%20card%20scans%202/card%20matcher/Untitled-38-back_0002_Layer%2049.jpg 	Premier League	Burnley	2023-24	New	Panini	2023-24 Panini Select Premier League	
2023-24 Topps Chrome UEFA Club Competitions 169 Kaoru Mitoma	Kaoru Mitoma	Soccer	169	Base	https://sportscards.standard.us-east-1.oortstorages.com/new%20card%20scans%202/card%20matcher/Untitled-34_0004_Layer%208.jpg  | https://sportscards.standard.us-east-1.oortstorages.com/new%20card%20scans%202/card%20matcher/Untitled-34-back_0004_Layer%2014.jpg 	Premier League	Burnley	2023-24	New	Panini	2023-24 Panini Select Premier League	
2023-24 Panini Select Premier League Unstoppable 5 Kaoru Mitoma Blue Pulsar	Kaoru Mitoma	Soccer	5	Blue Pulsar	https://sportscards.standard.us-east-1.oortstorages.com/new%20card%20scans%202/card%20matcher/Untitled-34_0003_Layer%209.jpg  | https://sportscards.standard.us-east-1.oortstorages.com/new%20card%20scans%202/card%20matcher/Untitled-34-back_0003_Layer%2015.jpg 	Premier League	Brighton & Hove Albion	2023-24	New	Panini	2023-24 Panini Select Premier League	
2023-24 Panini Select Premier League 3 Alex Scott Red Ice	Alex Scott	Soccer	3	Red Ice	https://sportscards.standard.us-east-1.oortstorages.com/new%20card%20scans%202/card%20matcher/Untitled-43_0006_Layer%2024.jpg  | https://sportscards.standard.us-east-1.oortstorages.com/new%20card%20scans%202/card%20matcher/Untitled-43_0002_Layer%2028.jpg 	Premier League	Brighton & Hove Albion	2023-24	New	Panini	2023-24 Panini Select Premier League	
2023-24 Panini Select Premier League 201 Dominic Solanke Red Ice	Dominic Solanke	Soccer	201	Red Ice	https://sportscards.standard.us-east-1.oortstorages.com/new%20card%20scans%202/card%20matcher/Untitled-43_0007_Layer%2023.jpg  | https://sportscards.standard.us-east-1.oortstorages.com/new%20card%20scans%202/card%20matcher/Untitled-43_0003_Layer%2027.jpg 	Premier League	Brighton & Hove Albion	2023-24	New	Panini	2023-24 Panini Select Premier League	
2023-24 Panini Select Premier League 101 Dominic Solanke Red Ice	Dominic Solanke	Soccer	101	Red Ice	https://sportscards.standard.us-east-1.oortstorages.com/new%20card%20scans%202/card%20matcher/Untitled-43_0004_Layer%2026.jpg  | https://sportscards.standard.us-east-1.oortstorages.com/new%20card%20scans%202/card%20matcher/Untitled-43_0000_Layer%2030.jpg 	Premier League	Brighton & Hove Albion	2023-24	New	Panini	2023-24 Panini Select Premier League	
2023-24 Panini Select Premier League 104 Milos Kerkez Red Ice	Milos Kerkez	Soccer	104	Red Ice	https://sportscards.standard.us-east-1.oortstorages.com/new%20card%20scans%202/card%20matcher/Untitled-43_0005_Layer%2025.jpg  | https://sportscards.standard.us-east-1.oortstorages.com/new%20card%20scans%202/card%20matcher/Untitled-43_0001_Layer%2029.jpg 	Premier League	Brighton & Hove Albion	2023-24	New	Topps	2023-24 Topps Chrome UEFA Club Competitions	
2023-24 Panini Prizm Premier League 102 Ilya Zabarnyi	Ilya Zabarnyi	Soccer	102	Base	https://sportscards.standard.us-east-1.oortstorages.com/new%20card%20scans%202/card%20matcher/Untitled-36_0000_Layer%2025.jpg  | https://sportscards.standard.us-east-1.oortstorages.com/new%20card%20scans%202/card%20matcher/Untitled-36-back_0000_Layer%2031.jpg 	Premier League	Brighton & Hove Albion	2023-24	New	Panini	2023-24 Panini Select Premier League	
2023-24 Panini Select Premier League Unstoppable 1 Lewis Cook	Lewis Cook	Soccer	1	Unstoppable	https://sportscards.standard.us-east-1.oortstorages.com/new%20card%20scans%202/card%20matcher/Untitled-36_0001_Layer%2024.jpg  | https://sportscards.standard.us-east-1.oortstorages.com/new%20card%20scans%202/card%20matcher/Untitled-36-back_0001_Layer%2030.jpg 	Premier League	Bournemouth	2023-24	New	Panini	2023-24 Panini Select Premier League	
2023-24 Panini Select Premier League 2 Ryan Christie	Ryan Christie	Soccer	2	Base	https://sportscards.standard.us-east-1.oortstorages.com/new%20card%20scans%202/card%20matcher/Untitled-36_0002_Layer%2023.jpg  | https://sportscards.standard.us-east-1.oortstorages.com/new%20card%20scans%202/card%20matcher/Untitled-36-back_0002_Layer%2029.jpg 	Premier League	Bournemouth	2023-24	New	Panini	2023-24 Panini Select Premier League	
2023-24 Panini Select Premier League Equalizers 1 Marcus Tavernier	Marcus Tavernier	Soccer	1	Equalizers	https://sportscards.standard.us-east-1.oortstorages.com/new%20card%20scans%202/card%20matcher/Untitled-36_0005_Layer%2020.jpg  | https://sportscards.standard.us-east-1.oortstorages.com/new%20card%20scans%202/card%20matcher/Untitled-36-back_0003_Layer%2028.jpg 	Premier League	Bournemouth	2023-24	New	Panini	2023-24 Panini Select Premier League	
2023-24 Panini Select Premier League Equalizers 1 Marcus Tavernier Blue Pulsar	Marcus Tavernier	Soccer	1	Blue Pulsar	https://sportscards.standard.us-east-1.oortstorages.com/new%20card%20scans%202/card%20matcher/Untitled-36_0004_Layer%2021.jpg  | https://sportscards.standard.us-east-1.oortstorages.com/new%20card%20scans%202/card%20matcher/Untitled-36-back_0004_Layer%2027.jpg 	Premier League	Bournemouth	2023-24	New	Panini	2023-24 Panini Select Premier League	
2023-24 Panini Select Premier League 26 Lyle Foster Red Ice	Lyle Foster	Soccer	26	Red Ice	https://sportscards.standard.us-east-1.oortstorages.com/new%20card%20scans%202/card%20matcher/Untitled-36_0003_Layer%2022.jpg  | https://sportscards.standard.us-east-1.oortstorages.com/new%20card%20scans%202/card%20matcher/Untitled-36-back_0003_Layer%2028.jpg 	Premier League	Bournemouth	2023-24	New	Panini	2023-24 Panini Prizm Premier League	
2023-24 Panini Select Premier League 27 Wilson Odobert Red Ice	Wilson Odobert	Soccer	27	Red Ice	https://sportscards.standard.us-east-1.oortstorages.com/new%20card%20scans%202/card%20matcher/Untitled-40_0002_Layer%206.jpg  | https://sportscards.standard.us-east-1.oortstorages.com/new%20card%20scans%202/card%20matcher/Untitled-40-back_0002_Layer%206.jpg 	Premier League	Bournemouth	2023-24	New	Panini	2023-24 Panini Select Premier League	
2023-24 Panini Select Premier League 28 Dara O'Shea Red Ice	Dara O'Shea	Soccer	28	Red Ice	https://sportscards.standard.us-east-1.oortstorages.com/new%20card%20scans%202/card%20matcher/Untitled-40_0004_Layer%204.jpg  | https://sportscards.standard.us-east-1.oortstorages.com/new%20card%20scans%202/card%20matcher/Untitled-40-back_0004_Layer%204.jpg 	Premier League	Bournemouth	2023-24	New	Panini	2023-24 Panini Select Premier League	
2023-24 Panini Select Premier League 206 Josh Cullen Red Ice	Josh Cullen	Soccer	206	Red Ice	https://sportscards.standard.us-east-1.oortstorages.com/new%20card%20scans%202/card%20matcher/Untitled-40_0003_Layer%205.jpg  | https://sportscards.standard.us-east-1.oortstorages.com/new%20card%20scans%202/card%20matcher/Untitled-40-back_0003_Layer%205.jpg 	Premier League	Bournemouth	2023-24	New	Panini	2023-24 Panini Select Premier League	
2023-24 Panini Select Premier League 130 Aaron Ramsey Red Ice	Aaron Ramsey	Soccer	130	Red Ice	https://sportscards.standard.us-east-1.oortstorages.com/new%20card%20scans%202/card%20matcher/Untitled-40_0007_Layer%201.jpg  | https://sportscards.standard.us-east-1.oortstorages.com/new%20card%20scans%202/card%20matcher/Untitled-40-back_0007_Layer%201.jpg 	Premier League	Bournemouth	2023-24	New	Panini	2023-24 Panini Select Premier League	
2023-24 Panini Select Premier League 30 Jacob Bruun Larsen Red Ice	Jacob Bruun Larsen	Soccer	30	Red Ice	https://sportscards.standard.us-east-1.oortstorages.com/new%20card%20scans%202/card%20matcher/Untitled-40_0000_Layer%208.jpg  | https://sportscards.standard.us-east-1.oortstorages.com/new%20card%20scans%202/card%20matcher/Untitled-40-back_0000_Layer%208.jpg 	Premier League	Burnley	2023-24	New	Panini	2023-24 Panini Select Premier League	
2023-24 Panini Select Premier League 247 Anthony Gordon Red Ice	Anthony Gordon	Soccer	247	Red Ice	https://sportscards.standard.us-east-1.oortstorages.com/new%20card%20scans%202/card%20matcher/Untitled-10_0002_Layer%2059.jpg  | https://sportscards.standard.us-east-1.oortstorages.com/new%20card%20scans%202/card%20matcher/Untitled-10-back_0002_Layer%2060.jpg 	Premier League	Burnley	2023-24	New	Panini	2023-24 Panini Select Premier League	
2023-24 Panini Select Premier League 173 Anthony Gordon Red Ice	Anthony Gordon	Soccer	173	Red Ice	https://sportscards.standard.us-east-1.oortstorages.com/new%20card%20scans%202/card%20matcher/Untitled-40_0001_Layer%207.jpg  | https://sportscards.standard.us-east-1.oortstorages.com/new%20card%20scans%202/card%20matcher/Untitled-40-back_0001_Layer%207.jpg 	Premier League	Burnley	2023-24	New	Panini	2023-24 Panini Select Premier League	
2023-24 Panini Select Premier League Select Future 17 Lewis Miley	Lewis Miley	Soccer	17	Select Future	https://sportscards.standard.us-east-1.oortstorages.com/new%20card%20scans%202/card%20matcher/Untitled-40_0006_Layer%202.jpg  | https://sportscards.standard.us-east-1.oortstorages.com/new%20card%20scans%202/card%20matcher/Untitled-40-back_0006_Layer%202.jpg 	Premier League	Burnley	2023-24	New	Panini	2023-24 Panini Select Premier League	
2023-24 Panini Select Premier League Equalizers 15 Anthony Gordon	Anthony Gordon	Soccer	15	Equalizers	https://sportscards.standard.us-east-1.oortstorages.com/new%20card%20scans%202/card%20matcher/Untitled-40_0005_Layer%203.jpg  | https://sportscards.standard.us-east-1.oortstorages.com/new%20card%20scans%202/card%20matcher/Untitled-40-back_0005_Layer%203.jpg 	Premier League	Burnley	2023-24	New	Panini	2023-24 Panini Select Premier League	
Card Name	Player Name	Sport	Card Number	Features	IMAGE URL	League	Team 	Season	Condition	Brand	Card Set	
2024 Finest MLS Pedro de la Vega #231 Oil Spill Refractor	Pedro de La Vega	Soccer	231	Oil Spill Refractor	https://sportscards.standard.us-east-1.oortstorages.com/new%20card%20scans%202/card%20matcher/firstin%20_0017_Layer%2017.jpg  | https://sportscards.standard.us-east-1.oortstorages.com/new%20card%20scans%202/card%20matcher/firstin%20_0008_Layer%2032.jpg	MLS	Seattle Sounders FC	2024	New	Topps	2024 Topps Finest MLS	
2024 Finest MLS Daniel Gazdag #217 Oil Spill Refractor	Daniel Gazdag	Soccer	217	Oil Spill Refractor	https://sportscards.standard.us-east-1.oortstorages.com/new%20card%20scans%202/card%20matcher/nexr__0007_Layer%2043.jpg | https://sportscards.standard.us-east-1.oortstorages.com/new%20card%20scans%202/card%20matcher/nexr_0003_Layer%2047.jpg 	MLS	Philadelphia Union	2024	New	Topps	2024 Topps Finest MLS	
2024 Finest MLS Marco Reus #277 Oil Spill Refractor	Marco Reus	Soccer	277	Oil Spill Refractor	https://sportscards.standard.us-east-1.oortstorages.com/new%20card%20scans%202/card%20matcher/firstin%2520_0005_Layer%2022.jpg  | https://sportscards.standard.us-east-1.oortstorages.com/new%20card%20scans%202/card%20matcher/firstin%2520_0000_Layer%2027.jpg 	UEFA	Borussia Dortmund	2024	New	Topps	2024 Topps Finest MLS	
2024 Finest MLS Kei Kamara #299 Oil Spill Refractor	Kei Kamara	Soccer	299	Oil Spill Refractor	https://sportscards.standard.us-east-1.oortstorages.com/new%20card%20scans%202/card%20matcher/oilspills_0001_Layer%207.jpg  | https://sportscards.standard.us-east-1.oortstorages.com/new%20card%20scans%202/card%20matcher/oilspills_0004_Layer%204.jpg 	MLS	Free Agent (Last: Chicago Fire)	2024	New	Topps	2024 Topps Finest MLS	
2024 Finest MLS Maya Yoshida #264 Oil Spill Refractor	Maya Yoshida	Soccer	264	Oil Spill Refractor	https://sportscards.standard.us-east-1.oortstorages.com/new%20card%20scans%202/card%20matcher/oilspills_0000_Layer%208.jpg  | https://sportscards.standard.us-east-1.oortstorages.com/new%20card%20scans%202/card%20matcher/oilspills_0005_Layer%203.jpg 	MLS	LA Galaxy	2024	New	Topps	2024 Topps Finest MLS	
2024 Finest MLS Pedro de la Vega #231 Checkerboard	Pedro de La Vega	Soccer	231	Checkerboard	https://sportscards.standard.us-east-1.oortstorages.com/new%20card%20scans%202/card%20matcher/oilspills_0002_Layer%206.jpg  | https://sportscards.standard.us-east-1.oortstorages.com/new%20card%20scans%202/card%20matcher/oilspills_0006_Layer%202.jpg 	MLS	Seattle Sounders FC	2024	New	Topps	2024 Topps Finest MLS	
2024 Finest MLS Zlatan Ibrahimović #MLS9 SP Short Print	Zlatan Ibrahimovic	Soccer	MLS9	Short Print	https://sportscards.standard.us-east-1.oortstorages.com/new%20card%20scans%202/card%20matcher/firstin%20_0004_Layer%2023.jpg  | https://sportscards.standard.us-east-1.oortstorages.com/new%20card%20scans%202/card%20matcher/firstin%20_0002_Layer%2025.jpg 	UEFA	Retired (Last: AC Milan)	2024	New	Topps	2024 Topps Finest MLS	
2024 Finest MLS Marco Reus #PA9 Pop Art Insert	Marco Reus	Soccer	PA9	Pop Art	https://sportscards.standard.us-east-1.oortstorages.com/new%20card%20scans%202/card%20matcher/firstin%20_0014_Layer%2020.jpg  | https://sportscards.standard.us-east-1.oortstorages.com/new%20card%20scans%202/card%20matcher/firstin%20_0012_Layer%2034.jpg 	UEFA	Borussia Dortmund	2024	New	Topps	2024 Topps Finest MLS	
2024 Finest MLS Clint Dempsey #PA4 Pop Art Insert	Clint Dempsey	Soccer	PA4	Pop Art	https://sportscards.standard.us-east-1.oortstorages.com/new%20card%20scans%202/card%20matcher/firstin%20_0021_Layer%2013.jpg  | https://sportscards.standard.us-east-1.oortstorages.com/new%20card%20scans%202/card%20matcher/firstin%20_0013_Layer%2028.jpg 	MLS	Retired (Last: Seattle Sounders FC)	2024	New	Topps	2024 Topps Finest MLS	
2023 Chrome MLS Connor Ronan #113 Aqua Lava Refractor	Connor Ronan	Soccer	113	Aqua Lava	https://sportscards.standard.us-east-1.oortstorages.com/new%20card%20scans%202/card%20matcher/Untitled-4_0003_Layer%203.jpg  | https://sportscards.standard.us-east-1.oortstorages.com/new%20card%20scans%202/card%20matcher/connor-back.png	MLS	Colorado Rapids	2023	New	Topps	2023 Topps Chrome MLS	
2022 UEFA Lautaro Martínez #59-30 Gold Parallel	Lautaro Martinez	Soccer	59-30	Gold	https://sportscards.standard.us-east-1.oortstorages.com/new%20card%20scans%202/card%20matcher/Untitled-41_0003_Layer%203.jpg  | https://sportscards.standard.us-east-1.oortstorages.com/new%20card%20scans%202/card%20matcher/Untitled-41-back_0003_Layer%203.jpg 	UEFA	Inter Milan	2022	New	Topps	2022 Topps UEFA Club Competitions	
2023-24 Stadium Club Chrome Bradley Barcola #86 Pink Red Electric Refractor	Bradley Barcola	Soccer	86	Pink Red Electric Charge Refractor	https://sportscards.standard.us-east-1.oortstorages.com/new%20card%20scans%202/card%20matcher/Untitled-11_0011_Layer%2094.jpg  | https://sportscards.standard.us-east-1.oortstorages.com/new%20card%20scans%202/card%20matcher/Untitled-11_0005_Layer%20100.jpg 	UEFA	Paris Saint-Germain	2023-24	New	Topps	2023-24 Topps Stadium Club Chrome UEFA	
2022 UEFA William Clem #139 Icy Aqua Foil	William Clem	Soccer	139	Icy Aqua Foil	https://sportscards.standard.us-east-1.oortstorages.com/new%20card%20scans%202/card%20matcher/Untitled-41_0001_Layer%205.jpg  | https://sportscards.standard.us-east-1.oortstorages.com/new%20card%20scans%202/card%20matcher/Untitled-41-back_0001_Layer%205.jpg 	UEFA	FC Nordsjælland	2022	New	Topps	2022 Topps UEFA Club Competitions	
2022 UEFA Mohamed Daramy #81 Icy Aqua Foil	Mohamed Daramy	Soccer	81	Icy Aqua Foil	https://sportscards.standard.us-east-1.oortstorages.com/new%20card%20scans%202/card%20matcher/Untitled-41_0002_Layer%204.jpg  | https://sportscards.standard.us-east-1.oortstorages.com/new%20card%20scans%202/card%20matcher/Untitled-42_0000_Layer%2010.jpg 	UEFA	Reims (on loan from Ajax)	2022	New	Topps	2022 Topps UEFA Club Competitions	
2022 UEFA Isak Bergmann Jóhannesson #189 Neon Green Foil	Isak Bergmann Johannesson	Soccer	189	Neon Green Foil	https://sportscards.standard.us-east-1.oortstorages.com/new%20card%20scans%202/card%20matcher/Untitled-41_0000_Layer%206.jpg  | https://sportscards.standard.us-east-1.oortstorages.com/new%20card%20scans%202/card%20matcher/Untitled-42_0004_Layer%206.jpg 	UEFA	Copenhagen	2022	New	Topps	2022 Topps UEFA Club Competitions	
2024 Finest MLS Seattle Sounders #TL25 Team Logo Patch	Seattle Sounders FC	Soccer	TL25	Team Logo	https://sportscards.standard.us-east-1.oortstorages.com/new%20card%20scans%202/card%20matcher/firstin%20_0020_Layer%2014.jpg  | https://sportscards.standard.us-east-1.oortstorages.com/new%20card%20scans%202/card%20matcher/firstin%20_0011_Layer%2029.jpg 	MLS	Seattle Sounders FC	2024	New	Topps	2024 Topps Finest MLS	
2024 Finest MLS Houston Dynamo #TL15 Team Logo Patch	Houston Dynamo	Soccer	TL15	Team Logo	https://sportscards.standard.us-east-1.oortstorages.com/new%20card%20scans%202/card%20matcher/nexr_0009_Layer%2041.jpg  | https://sportscards.standard.us-east-1.oortstorages.com/new%20card%20scans%202/card%20matcher/nexr_0001_Layer%2049.jpg 	MLS	Houston Dynamo	2024	New	Topps	2024 Topps Finest MLS	
2024 Finest MLS Christian Benteke #PFF5 Orange/Red Prized Footballers	Christian Benteke	Soccer	PFF5	Orange/Red	https://sportscards.standard.us-east-1.oortstorages.com/new%20card%20scans%202/card%20matcher/nexr_0008_Layer%2042.jpg  | https://sportscards.standard.us-east-1.oortstorages.com/new%20card%20scans%202/card%20matcher/nexr_0004_Layer%2046.jpg 	MLS	DC United	2024	New	Topps	2024 Topps Finest MLS	
2024 Finest MLS Ben Bender #Babb AUTO Autograph RC	Ben Bender	Soccer	Babb	Autograph	https://sportscards.standard.us-east-1.oortstorages.com/new%20card%20scans%202/card%20matcher/firstin%20_0006_Layer%2021.jpg  | https://sportscards.standard.us-east-1.oortstorages.com/new%20card%20scans%202/card%20matcher/firstin%20_0001_Layer%2026.jpg 	MLS	Charlotte FC	2024	New	Topps	2024 Topps Finest MLS	
2024 Finest MLS Pedro de la Vega #Bapd AUTO Autograph RC	Pedro de La Vega	Soccer	Bapd	Autograph	https://sportscards.standard.us-east-1.oortstorages.com/new%20card%20scans%202/card%20matcher/firstin%20_0019_Layer%2015.jpg  | https://sportscards.standard.us-east-1.oortstorages.com/new%20card%20scans%202/card%20matcher/firstin%20_0010_Layer%2030.jpg 	MLS	Seattle Sounders FC	2024	New	Topps	2024 Topps Finest MLS	
2024 Finest MLS Ted Ku-DiPietro #73 Gold Refractor	Ted KU-DiPietro	Soccer	73	Gold Refractor	https://sportscards.standard.us-east-1.oortstorages.com/new%20card%20scans%202/card%20matcher/nexr_0006_Layer%2044.jpg  | https://sportscards.standard.us-east-1.oortstorages.com/new%20card%20scans%202/card%20matcher/nexr_0002_Layer%2048.jpg 	MLS	DC United	2024	New	Topps	2024 Topps Finest MLS	
2024 Finest MLS Gabriel Pirani #79 Neon Green Refractor RC	Gabriel Pirani	Soccer	79	Neon Green Refractor	https://sportscards.standard.us-east-1.oortstorages.com/new%20card%20scans%202/card%20matcher/nexr_0005_Layer%2045.jpg  | https://sportscards.standard.us-east-1.oortstorages.com/new%20card%20scans%202/card%20matcher/nexr_0000_Layer%2050.jpg 	MLS	DC United (on loan from Santos FC)	2024	New	Topps	2024 Topps Finest MLS	
2024 Finest MLS Pedro de la Vega #231 Aqua Refractor	Pedro de La Vega	Soccer	231	Aqua Refractor	https://sportscards.standard.us-east-1.oortstorages.com/new%20card%20scans%202/card%20matcher/firstin%20_0016_Layer%2018.jpg  | https://sportscards.standard.us-east-1.oortstorages.com/new%20card%20scans%202/card%20matcher/firstin%20_0015_Layer%2019.jpg 	MLS	Seattle Sounders FC	2024	New	Topps	2024 Topps Finest MLS	
2024 Finest MLS Pedro de la Vega #82 Holo Glow Gold Refractor	Pedro de La Vega	Soccer	82	Holo Glow Variation-Gold Refractor	https://sportscards.standard.us-east-1.oortstorages.com/new%20card%20scans%202/card%20matcher/firstin%20_0003_Layer%2024.jpg  | https://sportscards.standard.us-east-1.oortstorages.com/new%20card%20scans%202/card%20matcher/firstin%20_0015_Layer%2019.jpg 	MLS	Seattle Sounders FC	2024	New	Topps	2024 Topps Finest MLS	
2022-23 Topps Merlin Chrome UEFA Club Competitions 103 Neymar Jr	Neymar Jr.		103		https://sportscards.standard.us-east-1.oortstorages.com/new%20card%20scans%202/card%20matcher/Untitled-1_0011_Layer%201.jpg|https://sportscards.standard.us-east-1.oortstorages.com/new%20card%20scans%202/card%20matcher/Untitled-1_0000_Layer%2012.jpg			2023		PSG	Topps Merlin UEFA Club Competitions	Topps
2022-23 Topps Merlin Chrome UEFA Club Competitions 105 Kylian Mbappe	Kylian Mbappe		105		https://sportscards.standard.us-east-1.oortstorages.com/new%20card%20scans%202/card%20matcher/Untitled-1_0006_Layer%206.jpg|https://sportscards.standard.us-east-1.oortstorages.com/new%20card%20scans%202/card%20matcher/Untitled-1_0001_Layer%2011.jpg			2023		PSG	Topps Merlin UEFA Club Competitions	Topps
2023-24 Topps Chrome UEFA Club Competitions 21 Kylian Mbappe	Kylian Mbappe		21		https://sportscards.standard.us-east-1.oortstorages.com/new%20card%20scans%202/card%20matcher/Untitled-1_0007_Layer%205.jpg|https://sportscards.standard.us-east-1.oortstorages.com/new%20card%20scans%202/card%20matcher/Untitled-1_0002_Layer%2010.jpg			2023		PSG	Topps Chrome UEFA Club Competitions	Topps
2022-23 Topps Merlin Chrome UEFA Club Competitions 104 Lionel Messi	Lionel Messi		104		https://sportscards.standard.us-east-1.oortstorages.com/new%20card%20scans%202/card%20matcher/Untitled-1_0008_Layer%204.jpg|https://sportscards.standard.us-east-1.oortstorages.com/new%20card%20scans%202/card%20matcher/Untitled-1_0003_Layer%209.jpg			2023		PSG	Topps Merlin UEFA Club Competitions	Topps
2023-24 Topps Merlin UEFA Club Competitions 92 Kylian Mbappe	Kylian Mbappe		92		https://sportscards.standard.us-east-1.oortstorages.com/new%20card%20scans%202/card%20matcher/Untitled-1_0009_Layer%203.jpg|https://sportscards.standard.us-east-1.oortstorages.com/new%20card%20scans%202/card%20matcher/Untitled-1_0004_Layer%208.jpg			2023		PSG	Topps Merlin UEFA Club Competitions	Topps
2023-24 Topps Merlin UEFA Club Competitions 94 Ousmane Dembele	Ousmane Dembele		94		https://sportscards.standard.us-east-1.oortstorages.com/new%20card%20scans%202/card%20matcher/Untitled-1_0010_Layer%202.jpg|Untitled-1_0005_Layer%207.jpg			2023		PSG	Topps Merlin UEFA Club Competitions	Topps
2024 Topps Finest MLS Finest Fabrics Relics FFCB Christian Benteke	Christian Benteke		FFCB		https://sportscards.standard.us-east-1.oortstorages.com/new%20card%20scans%202/card%20matcher/patch_0005_Layer%2035.jpg|https://sportscards.standard.us-east-1.oortstorages.com/new%20card%20scans%202/card%20matcher/patch_0000_Layer%2040.jpg			2024	MLS	DC United	Topps Finest MLS Finest Fabrics Relics	Topps
2022-23 Topps Merlin Chrome UEFA Club Competitions 105 Kylian Mbappe Refractor	Kylian Mbappe		105	Refractor	https://sportscards.standard.us-east-1.oortstorages.com/new%20card%20scans%202/card%20matcher/Untitled-23_0002_Layer%20132.jpg|https://sportscards.standard.us-east-1.oortstorages.com/new%20card%20scans%202/card%20matcher/Untitled-23-back_0002_Layer%20133.jpg			2023		PSG	Topps Merlin UEFA Club Competitions	Topps
2022 Topps UEFA Club Competitions 40 Roony Bardghji Pink Sparkle		Soccer	40									
2022 Topps UEFA Club Competitions 189 Isak Bergmann Johannesson Pink Sparkle		Soccer	189									
2022-23 Topps Merlin Chrome Chris Smalling Neon Green Shimmer 	Chris Smalling	Soccer	25									
2023-24 Stadium Club Chrome Bradley Barcola #86 Pink Red Electric Refractor	Bradley Barcola	Soccer	86									5
												
												
												
												
												
												
												
												
												
												
												
												
												
												
												
												
												
												
												
												
												
												
												
												
												
												
												
												
												
												
												
												
												
												
												
												
												
												
												
												
												
												
												
												
												
												
												
												
												
												
												
												
												
												
												
												
												
												
												
												
												
												
												
												
												
												
												
												
												
												
												
												
												
												
												
												
												
												
												
												
												
												
												
												
												
												
												
												
												
												
												
												
												
												
												
												
												
												
												
												
												
												
												
												
												
												
												
												
												
												
												
												
												
												
												
												
												
												
												
												
												
												
												
												
												
												
												
												
												
												
												
												
												
												
												
												
												
												
												
												
												
												
												
												
												
												
												
												
												
												
												
												
												
												
												
												
												
												
												
												
												
												
												
												
												
												
												
												
												
												
												
												
												
												
												
												
												
												
												
												
												
												
												
												
												
												
												
												
												
												
												
												
												
												
												
												
												
												
												
												
												
												
												
												
												
												
												
												
												
												
												
												
												
												
												
												
												
												
												
2023-24 Topps Chrome UEFA Club Competitions 137 Ivan Rakitic Color Match												
2023-24 Topps Chrome UEFA Club Competitions 52 Marcus Thuram Neon Green												
2023-24 Topps Merlin UEFA Club Competitions Autographs Auik Ibrahima Konate Mojo Refractor												
